OBJECTID,featurecla,LEVEL,TYPE,FORMAL_EN,FORMAL_FR,POP_EST,POP_RANK,GDP_MD_EST,POP_YEAR,LASTCENSUS,GDP_YEAR,ECONOMY,INCOME_GRP,FIPS_10_,ISO_A2,ISO_A3,ISO_A3_EH,ISO_N3,UN_A3,WB_A2,WB_A3,CONTINENT,REGION_UN,SUBREGION,REGION_WB,NAME_AR,NAME_BN,NAME_DE,NAME_EN,NAME_ES,NAME_FR,NAME_EL,NAME_HI,NAME_HU,NAME_ID,NAME_IT,NAME_JA,NAME_KO,NAME_NL,NAME_PL,NAME_PT,NAME_RU,NAME_SV,NAME_TR,NAME_VI,NAME_ZH,WB_NAME,WB_RULES,WB_REGION,Shape_Leng,Shape_Area,lat,lon,id
1,Admin-0 country,2,Sovereign country,Republic of Indonesia,,260580739,17,3028000,2017,2010,2016,4. Emerging region: MIKT,4. Lower middle income,ID,ID,IDN,IDN,360,360,ID,IDN,Asia,Asia,South-Eastern Asia,East Asia & Pacific,إندونيسيا,ইন্দোনেশিয়া,Indonesien,Indonesia,Indonesia,Indonésie,Ινδονησία,इंडोनेशिया,Indonézia,Indonesia,Indonesia,インドネシア,인도네시아,Indonesië,Indonezja,Indonésia,Индонезия,Indonesien,Endonezya,Indonesia,印度尼西亚,Indonesia,None,EAP,495.02991,153.07861,-2.223,117.27,1
2,Admin-0 country,2,Sovereign country,Malaysia,,31381992,15,863000,2017,2010,2016,6. Developing region,3. Upper middle income,MY,MY,MYS,MYS,458,458,MY,MYS,Asia,Asia,South-Eastern Asia,East Asia & Pacific,ماليزيا,মালয়েশিয়া,Malaysia,Malaysia,Malasia,Malaisie,Μαλαισία,मलेशिया,Malajzia,Malaysia,Malesia,マレーシア,말레이시아,Maleisië,Malezja,Malásia,Малайзия,Malaysia,Malezya,Malaysia,马来西亚,Malaysia,None,EAP,68.456909,26.703173,3.792,109.699,2
3,Admin-0 country,2,Sovereign country,Republic of Chile,,17789267,14,436100,2017,2002,2016,5. Emerging region: G20,3. Upper middle income,CI,CL,CHL,CHL,152,152,CL,CHL,South America,Americas,South America,Latin America & Caribbean,تشيلي,চিলি,Chile,Chile,Chile,Chili,Χιλή,चिली,Chile,Chili,Cile,チリ,칠레,Chili,Chile,Chile,Чили,Chile,Şili,Chile,智利,Chile,None,LCR,416.99728,76.76181,-37.744,-71.364,3
4,Admin-0 country,2,Sovereign country,Plurinational State of Bolivia,,11138234,14,78350,2017,2001,2016,5. Emerging region: G20,4. Lower middle income,BL,BO,BOL,BOL,068,068,BO,BOL,South America,Americas,South America,Latin America & Caribbean,بوليفيا,বলিভিয়া,Bolivien,Bolivia,Bolivia,Bolivie,Βολιβία,बोलिविया,Bolívia,Bolivia,Bolivia,ボリビア,볼리비아,Bolivia,Boliwia,Bolívia,Боливия,Bolivia,Bolivya,Bolivia,玻利維亞,Bolivia,None,LCR,54.345989,92.20359,-16.707,-64.685,4
5,Admin-0 country,2,Sovereign country,Republic of Peru,,31036656,15,410400,2017,2007,2016,5. Emerging region: G20,3. Upper middle income,PE,PE,PER,PER,604,604,PE,PER,South America,Americas,South America,Latin America & Caribbean,بيرو,পেরু,Peru,Peru,Perú,Pérou,Περού,पेरू,Peru,Peru,Perù,ペルー,페루,Peru,Peru,Peru,Перу,Peru,Peru,Peru,秘鲁,Peru,None,LCR,73.262192,106.41709,-9.154,-74.378,5
6,Admin-0 country,2,Sovereign country,Argentine Republic,,44293293,15,879400,2017,2010,2016,5. Emerging region: G20,3. Upper middle income,AR,AR,ARG,ARG,032,032,AR,ARG,South America,Americas,South America,Latin America & Caribbean,الأرجنتين,আর্জেন্টিনা,Argentinien,Argentina,Argentina,Argentine,Αργεντινή,अर्जेण्टीना,Argentína,Argentina,Argentina,アルゼンチン,아르헨티나,Argentinië,Argentyna,Argentina,Аргентина,Argentina,Arjantin,Argentina,阿根廷,Argentina,None,LCR,151.51311,278.68106,-35.388,-65.178,6
7,Admin-0 country,2,Sovereign country,Republic of Cyprus,,1221549,12,29260,2017,2001,2016,6. Developing region,2. High income: nonOECD,CY,CY,CYP,CYP,196,196,CY,CYP,Asia,Asia,Western Asia,Europe & Central Asia,قبرص,সাইপ্রাস,Republik Zypern,Cyprus,Chipre,Chypre,Κύπρος,साइप्रस,Ciprus,Siprus,Cipro,キプロス,키프로스,Cyprus,Cypr,Chipre,Кипр,Cypern,Kıbrıs Cumhuriyeti,Cộng hòa Síp,賽普勒斯,Cyprus,None,ECA,9.5967007,.88331103,35.048,33.227,7
8,Admin-0 country,2,Sovereign country,Republic of India,,1281935911,18,8721000,2017,2011,2016,3. Emerging region: BRIC,4. Lower middle income,IN,IN,IND,IND,356,356,IN,IND,Asia,Asia,Southern Asia,South Asia,الهند,ভারত,Indien,India,India,Inde,Ινδία,भारत,India,India,India,インド,인도,India,Indie,Índia,Индия,Indien,Hindistan,Ấn Độ,印度,India,Stops South of Kashmir Line of Control with Pakistan,SOA,199.04703,272.30435,22.769,79.268,8
9,Admin-0 country,2,Country,People's Republic of China,,1379302771,18,21140000,2017,2010,2016,3. Emerging region: BRIC,3. Upper middle income,CH,CN,CHN,CHN,156,156,CN,CHN,Asia,Asia,Eastern Asia,East Asia & Pacific,جمهورية الصين الشعبية,গণপ্রজাতন্ত্রী চীন,Volksrepublik China,People's Republic of China,República Popular China,République populaire de Chine,Λαϊκή Δημοκρατία της Κίνας,चीनी जनवादी गणराज्य,Kína,Republik Rakyat Tiongkok,Cina,中華人民共和国,중화인민공화국,Volksrepubliek China,Chińska Republika Ludowa,China,Китайская Народная Республика,Kina,Çin Halk Cumhuriyeti,Cộng hòa Nhân dân Trung Hoa,中华人民共和国,China,None,EAP,376.66708,951.36487,36.522,103.966,9
10,Admin-0 country,2,Country,State of Israel,,8299706,13,297000,2017,2009,2016,2. Developed region: nonG7,1. High income: OECD,-99,IL,ISR,ISR,376,376,IL,ISR,Asia,Asia,Western Asia,Middle East & North Africa,إسرائيل,ইসরায়েল,Israel,Israel,Israel,Israël,Ισραήλ,इज़राइल,Izrael,Israel,Israele,イスラエル,이스라엘,Israël,Izrael,Israel,Израиль,Israel,İsrail,Israel,以色列,Israel,None,Other,11.13063,1.9543045,31.345,34.95,10
11,Admin-0 country,2,Disputed,West Bank and Gaza,,4543126,12,21220.77,2017,2007,2016,6. Developing region,4. Lower middle income,-99,PS,PSE,PSE,275,275,GZ,PSE,Asia,Asia,Western Asia,Middle East & North Africa,فلسطين,ফিলিস্তিন অঞ্চল,Palästina,Palestine,Palestina,Palestine,Παλαιστίνη,फ़िलिस्तीनी राज्यक्षेत्र,Palesztina,Palestina,Palestina,パレスチナ,팔레스타인,Palestina,Palestyna,Palestina,Палестина,Palestina,Filistin,Palestine,巴勒斯坦,West Bank and Gaza,Name in italic,MENA,4.9459949,.59872282,31.916,35.198,11
12,Admin-0 country,2,Sovereign country,Lebanese Republic,,6229794,13,85160,2017,1970,2016,6. Developing region,3. Upper middle income,LE,LB,LBN,LBN,422,422,LB,LBN,Asia,Asia,Western Asia,Middle East & North Africa,لبنان,লেবানন,Libanon,Lebanon,Líbano,Liban,Λίβανος,लेबनान,Libanon,Lebanon,Libano,レバノン,레바논,Libanon,Liban,Líbano,Ливан,Libanon,Lübnan,Liban,黎巴嫩,Lebanon,None,MENA,6.0838223,.97497201,33.92,35.88,12
13,Admin-0 country,2,Sovereign country,Federal Democratic Republic of Ethiopia,,105350020,17,174700,2017,2007,2016,7. Least developed region,5. Low income,ET,ET,ETH,ETH,231,231,ET,ETH,Africa,Africa,Eastern Africa,Sub-Saharan Africa,إثيوبيا,ইথিওপিয়া,Äthiopien,Ethiopia,Etiopía,Éthiopie,Αιθιοπία,इथियोपिया,Etiópia,Ethiopia,Etiopia,エチオピア,에티오피아,Ethiopië,Etiopia,Etiópia,Эфиопия,Etiopien,Etiyopya,Ethiopia,埃塞俄比亚,Ethiopia,None,AFR,47.375137,92.707779,8.622999999999999,39.601,13
14,Admin-0 country,2,Sovereign country,Republic of South Sudan,,13026129,14,20880,2017,2008,2016,7. Least developed region,5. Low income,-99,SS,SSD,SSD,728,728,SS,SSD,Africa,Africa,Eastern Africa,Sub-Saharan Africa,جنوب السودان,দক্ষিণ সুদান,Südsudan,South Sudan,Sudán del Sur,Soudan du Sud,Νότιο Σουδάν,दक्षिण सूडान,Dél-Szudán,Sudan Selatan,Sudan del Sud,南スーダン,남수단,Zuid-Soedan,Sudan Południowy,Sudão do Sul,Южный Судан,Sydsudan,Güney Sudan,Nam Sudan,南苏丹,South Sudan,None,AFR,43.017525,51.631298,7.27,30.327,14
15,Admin-0 country,2,Sovereign country,Federal Republic of Somalia,,7531386,13,4719,2017,1987,2016,7. Least developed region,5. Low income,SO,SO,SOM,SOM,706,706,SO,SOM,Africa,Africa,Eastern Africa,Sub-Saharan Africa,الصومال,সোমালিয়া,Somalia,Somalia,Somalia,Somalie,Σομαλία,सोमालिया,Szomália,Somalia,Somalia,ソマリア,소말리아,Somalië,Somalia,Somália,Сомали,Somalia,Somali,Somalia,索马里,Somalia,None,AFR,50.353287,52.31181,6.063,45.851,15
16,Admin-0 country,2,Sovereign country,Republic of Kenya,,47615739,15,152700,2017,2009,2016,5. Emerging region: G20,5. Low income,KE,KE,KEN,KEN,404,404,KE,KEN,Africa,Africa,Eastern Africa,Sub-Saharan Africa,كينيا,কেনিয়া,Kenia,Kenya,Kenia,Kenya,Κένυα,कीनिया,Kenya,Kenya,Kenya,ケニア,케냐,Kenia,Kenia,Quénia,Кения,Kenya,Kenya,Kenya,肯尼亚,Kenya,None,AFR,36.421474,47.3438,.526,37.838,16
17,Admin-0 country,2,Sovereign country,Islamic Republic of Pakistan,,204924861,17,988200,2017,1998,2016,5. Emerging region: G20,4. Lower middle income,PK,PK,PAK,PAK,586,586,PK,PAK,Asia,Asia,Southern Asia,South Asia,باكستان,পাকিস্তান,Pakistan,Pakistan,Pakistán,Pakistan,Πακιστάν,पाकिस्तान,Pakisztán,Pakistan,Pakistan,パキスタン,파키스탄,Pakistan,Pakistan,Paquistão,Пакистан,Pakistan,Pakistan,Pakistan,巴基斯坦,Pakistan,Stops North of Kashmir Line of Control with India,SOA,74.361473,81.710434,29.948,69.34099999999999,17
18,Admin-0 country,2,Sovereign country,Republic of Malawi,,19196246,14,21200,2017,2008,2016,7. Least developed region,5. Low income,MI,MW,MWI,MWI,454,454,MW,MWI,Africa,Africa,Eastern Africa,Sub-Saharan Africa,مالاوي,মালাউই,Malawi,Malawi,Malaui,Malawi,Μαλάουι,मलावी,Malawi,Malawi,Malawi,マラウイ,말라위,Malawi,Malawi,Malawi,Малави,Malawi,Malavi,Malawi,马拉维,Malawi,None,AFR,24.742134,9.962327,-13.217,34.29,18
19,Admin-0 country,2,Sovereign country,United Republic of Tanzania,,53950935,16,150600,2017,2002,2016,7. Least developed region,5. Low income,TZ,TZ,TZA,TZA,834,834,TZ,TZA,Africa,Africa,Eastern Africa,Sub-Saharan Africa,تنزانيا,তানজানিয়া,Tansania,Tanzania,Tanzania,Tanzanie,Τανζανία,तंज़ानिया,Tanzánia,Tanzania,Tanzania,タンザニア,탄자니아,Tanzania,Tanzania,Tanzânia,Танзания,Tanzania,Tanzanya,Tanzania,坦桑尼亚,Tanzania,Don't use United Republic of Tanzania,AFR,51.175098,77.018646,-6.275,34.814,19
20,Admin-0 country,2,Sovereign country,Syrian Arab Republic,,18028549,14,50280,2017,2004,2015,6. Developing region,4. Lower middle income,SY,SY,SYR,SYR,760,760,SY,SYR,Asia,Asia,Western Asia,Middle East & North Africa,سوريا,সিরিয়া,Syrien,Syria,Siria,Syrie,Συρία,सीरिया,Szíria,Suriah,Siria,シリア,시리아,Syrië,Syria,Síria,Сирия,Syrien,Suriye,Syria,叙利亚,Syrian Arab Republic,"Always ""Syrian Arab Republic"" not just ""Syria""",MENA,23.462212,18.492517,35.01,38.486,20
21,Admin-0 country,2,Country,French Republic,,67106161,16,2699000,2017,-99,2016,1. Developed region: G7,1. High income: OECD,FR,-99,-99,FRA,250,250,FR,FRA,Europe,Europe,Western Europe,Europe & Central Asia,فرنسا,ফ্রান্স,Frankreich,France,Francia,France,Γαλλία,फ़्रान्स,Franciaország,Perancis,Francia,フランス,프랑스,Frankrijk,Francja,França,Франция,Frankrike,Fransa,Pháp,法国,France,None,Other,102.20855,71.575821,42.18,-2.755,21
22,Admin-0 country,2,Sovereign country,Republic of Suriname,,591919,11,8547,2017,2004,2016,6. Developing region,3. Upper middle income,NS,SR,SUR,SUR,740,740,SR,SUR,South America,Americas,South America,Latin America & Caribbean,سورينام,সুরিনাম,Suriname,Suriname,Surinam,Suriname,Σουρινάμ,सूरीनाम,Suriname,Suriname,Suriname,スリナム,수리남,Suriname,Surinam,Suriname,Суринам,Surinam,Surinam,Suriname,蘇利南,Suriname,None,LCR,18.511349,11.82169,4.131,-55.911,22
23,Admin-0 country,2,Sovereign country,Co-operative Republic of Guyana,,737718,11,6093,2017,2002,2016,6. Developing region,4. Lower middle income,GY,GY,GUY,GUY,328,328,GY,GUY,South America,Americas,South America,Latin America & Caribbean,غيانا,গায়ানা,Guyana,Guyana,Guyana,Guyana,Γουιάνα,गयाना,Guyana,Guyana,Guyana,ガイアナ,가이아나,Guyana,Gujana,Guiana,Гайана,Guyana,Guyana,Guyana,圭亚那,Guyana,None,LCR,28.736858,17.226461,4.793,-58.98,23
24,Admin-0 country,2,Sovereign country,Republic of Korea,,51181299,16,1929000,2017,2010,2016,4. Emerging region: MIKT,1. High income: OECD,KS,KR,KOR,KOR,410,410,KR,KOR,Asia,Asia,Eastern Asia,East Asia & Pacific,كوريا الجنوبية,দক্ষিণ কোরিয়া,Südkorea,South Korea,Corea del Sur,Corée du Sud,Νότια Κορέα,दक्षिण कोरिया,Dél-Korea,Korea Selatan,Corea del Sud,大韓民国,대한민국,Zuid-Korea,Korea Południowa,Coreia do Sul,Республика Корея,Sydkorea,Güney Kore,Hàn Quốc,大韩民国,"Korea, Republic of","Always have ""Republic of"" before ""Korea""",EAP,50.667603,9.8980484,36.373,127.819,24
25,Admin-0 country,2,Sovereign country,Democratic People's Republic of Korea,,25248140,15,40000,2013,2009,2016,7. Least developed region,5. Low income,KN,KP,PRK,PRK,408,408,KP,PRK,Asia,Asia,Eastern Asia,East Asia & Pacific,كوريا الشمالية,উত্তর কোরিয়া,Nordkorea,North Korea,Corea del Norte,Corée du Nord,Βόρεια Κορέα,उत्तर कोरिया,Észak-Korea,Korea Utara,Corea del Nord,朝鮮民主主義人民共和国,조선민주주의인민공화국,Noord-Korea,Korea Północna,Coreia do Norte,Корейская Народно-Демократическая Республика,Nordkorea,Kuzey Kore,Cộng hòa Dân chủ Nhân dân Triều Tiên,朝鲜民主主义人民共和国,"Korea, Democratic People's Republic of","Always have ""Democratic People's Republic of"" before ""Korea""",Other,35.332275,12.938046,40.151,127.184,25
26,Admin-0 country,2,Sovereign country,Kingdom of Morocco,,33986655,15,282800,2017,2004,2016,6. Developing region,4. Lower middle income,MO,MA,MAR,MAR,504,504,MA,MAR,Africa,Africa,Northern Africa,Middle East & North Africa,المغرب,মরক্কো,Marokko,Morocco,Marruecos,Maroc,Μαρόκο,मोरक्को,Marokkó,Maroko,Marocco,モロッコ,모로코,Marokko,Maroko,Marrocos,Марокко,Marocko,Fas,Maroc,摩洛哥,Morocco,None,MENA,37.3162,39.458702,31.843,-6.293,26
27,Admin-0 country,2,Sovereign country,Republic of Costa Rica,,4930258,12,79260,2017,2011,2016,5. Emerging region: G20,3. Upper middle income,CS,CR,CRI,CRI,188,188,CR,CRI,North America,Americas,Central America,Latin America & Caribbean,كوستاريكا,কোস্টা রিকা,Costa Rica,Costa Rica,Costa Rica,Costa Rica,Κόστα Ρίκα,कोस्टा रीका,Costa Rica,Kosta Rika,Costa Rica,コスタリカ,코스타리카,Costa Rica,Kostaryka,Costa Rica,Коста-Рика,Costa Rica,Kosta Rika,Costa Rica,哥斯达黎加,Costa Rica,Costa Rica,LCR,18.380466,4.2173257,9.973000000000001,-84.194,27
28,Admin-0 country,2,Sovereign country,Republic of Nicaragua,,6025951,13,33550,2017,2005,2016,6. Developing region,4. Lower middle income,NU,NI,NIC,NIC,558,558,NI,NIC,North America,Americas,Central America,Latin America & Caribbean,نيكاراغوا,নিকারাগুয়া,Nicaragua,Nicaragua,Nicaragua,Nicaragua,Νικαράγουα,निकारागुआ,Nicaragua,Nikaragua,Nicaragua,ニカラグア,니카라과,Nicaragua,Nikaragua,Nicarágua,Никарагуа,Nicaragua,Nikaragua,Nicaragua,尼加拉瓜,Nicaragua,None,LCR,22.117174,10.717861,12.845,-85.033,28
29,Admin-0 country,2,Sovereign country,Republic of the Congo,,4954674,12,30270,2017,2007,2016,6. Developing region,4. Lower middle income,CF,CG,COG,COG,178,178,CG,COG,Africa,Africa,Middle Africa,Sub-Saharan Africa,جمهورية الكونغو,কঙ্গো প্রজাতন্ত্র,Republik Kongo,Republic of the Congo,República del Congo,République du Congo,Δημοκρατία του Κονγκό,कांगो गणराज्य,Kongói Köztársaság,Republik Kongo,Repubblica del Congo,コンゴ共和国,콩고 공화국,Republiek Congo,Kongo,Congo,Республика Конго,Kongo-Brazzaville,Kongo Cumhuriyeti,Cộng hòa Congo,刚果共和国,"Congo, Rep. of",None,AFR,39.583542,28.044544,-.839,15.218,29
30,Admin-0 country,2,Sovereign country,Democratic Republic of the Congo,,83301151,16,66010,2017,1984,2016,7. Least developed region,5. Low income,CG,CD,COD,COD,180,180,ZR,ZAR,Africa,Africa,Middle Africa,Sub-Saharan Africa,جمهورية الكونغو الديمقراطية,গণতান্ত্রিক কঙ্গো প্রজাতন্ত্র,Demokratische Republik Kongo,Democratic Republic of the Congo,República Democrática del Congo,République démocratique du Congo,Λαϊκή Δημοκρατία του Κονγκό,कांगो लोकतान्त्रिक गणराज्य,Kongói Demokratikus Köztársaság,Republik Demokratik Kongo,Repubblica Democratica del Congo,コンゴ民主共和国,콩고 민주 공화국,Congo-Kinshasa,Demokratyczna Republika Konga,República Democrática do Congo,Демократическая Республика Конго,Kongo-Kinshasa,Demokratik Kongo Cumhuriyeti,Cộng hòa Dân chủ Congo,刚果民主共和国,"Congo, Democratic Republic of","Always have ""Democratic Republic of"" before ""Congo""",AFR,87.701561,189.67891,-2.88,23.645,30
31,Admin-0 country,2,Sovereign country,Kingdom of Bhutan,,758288,11,6432,2017,2005,2016,7. Least developed region,4. Lower middle income,BT,BT,BTN,BTN,064,064,BT,BTN,Asia,Asia,Southern Asia,South Asia,بوتان,ভূটান,Bhutan,Bhutan,Bután,Bhoutan,Μπουτάν,भूटान,Bhután,Bhutan,Bhutan,ブータン,부탄,Bhutan,Bhutan,Butão,Бутан,Bhutan,Bhutan,Bhutan,不丹,Bhutan,None,SOA,9.8898449,3.684027,27.422,90.404,31
32,Admin-0 country,2,Sovereign country,Ukraine,,44033874,15,352600,2017,2001,2016,6. Developing region,4. Lower middle income,UP,UA,UKR,UKR,804,804,UA,UKR,Europe,Europe,Eastern Europe,Europe & Central Asia,أوكرانيا,ইউক্রেন,Ukraine,Ukraine,Ucrania,Ukraine,Ουκρανία,युक्रेन,Ukrajna,Ukraina,Ucraina,ウクライナ,우크라이나,Oekraïne,Ukraina,Ucrânia,Украина,Ukraina,Ukrayna,Ukraina,乌克兰,Ukraine,None,ECA,84.135582,73.649887,48.997,31.386,32
33,Admin-0 country,2,Sovereign country,Republic of Belarus,,9549747,13,165400,2017,2009,2016,6. Developing region,3. Upper middle income,BO,BY,BLR,BLR,112,112,BY,BLR,Europe,Europe,Eastern Europe,Europe & Central Asia,روسيا البيضاء,বেলারুশ,Weißrussland,Belarus,Bielorrusia,Biélorussie,Λευκορωσία,बेलारूस,Fehéroroszország,Belarus,Bielorussia,ベラルーシ,벨라루스,Wit-Rusland,Białoruś,Bielorrússia,Белоруссия,Vitryssland,Beyaz Rusya,Belarus,白罗斯,Belarus,None,ECA,33.713428,28.122391,53.532,28.034,33
34,Admin-0 country,2,Sovereign country,Republic of Namibia,,2484780,12,25990,2017,2001,2016,6. Developing region,3. Upper middle income,WA,NA,NAM,NAM,516,516,NA,NAM,Africa,Africa,Southern Africa,Sub-Saharan Africa,ناميبيا,নামিবিয়া,Namibia,Namibia,Namibia,Namibie,Ναμίμπια,नामीबिया,Namíbia,Namibia,Namibia,ナミビア,나미비아,Namibië,Namibia,Namíbia,Намибия,Namibia,Namibya,Namibia,纳米比亚,Namibia,None,AFR,49.893044,72.12915,-22.129,17.211,34
35,Admin-0 country,2,Sovereign country,Republic of South Africa,,54841552,16,739100,2017,2001,2016,5. Emerging region: G20,3. Upper middle income,SF,ZA,ZAF,ZAF,710,710,ZA,ZAF,Africa,Africa,Southern Africa,Sub-Saharan Africa,جنوب أفريقيا,দক্ষিণ আফ্রিকা,Südafrika,South Africa,Sudáfrica,Afrique du Sud,Νότια Αφρική,दक्षिण अफ़्रीका,Dél-afrikai Köztársaság,Afrika Selatan,Sudafrica,南アフリカ共和国,남아프리카 공화국,Zuid-Afrika,Południowa Afryka,África do Sul,Южно-Африканская Республика,Sydafrika,Güney Afrika Cumhuriyeti,Cộng hòa Nam Phi,南非,South Africa,None,AFR,72.967514,113.10134,-29.001,25.087,35
36,Admin-0 country,2,Dependency,Saint-Martin (French part),,32125,7,561.5,2017,-99,2016,6. Developing region,2. High income: nonOECD,RN,MF,MAF,MAF,663,663,MF,MAF,North America,Americas,Caribbean,Latin America & Caribbean,تجمع سان مارتين,,Saint-Martin,Saint Martin,San Martín,Saint-Martin,Άγιος Μαρτίνος,,Saint-Martin,Saint Martin,Saint-Martin,サン・マルタン,생마르탱,Sint-Maarten,Saint-Martin,São Martinho,Сен-Мартен,Saint Martin,Saint Martin,Saint-Martin,法屬聖馬丁,Saint-Martin (Fr.),Name in italic,Other,.38723832,.0058277627,18.078,-63.055,36
37,Admin-0 country,2,Country,Sint Maarten (Dutch part),,42083,7,365.79999,2017,-99,2014,6. Developing region,2. High income: nonOECD,NT,SX,SXM,SXM,534,534,SX,SXM,North America,Americas,Caribbean,Latin America & Caribbean,سينت مارتن,সিন্ট মার্টেন,Sint Maarten,Sint Maarten,Sint Maarten,Saint-Martin,Άγιος Μαρτίνος,सिंट मार्टेन,Sint Maarten,Sint Maarten,Sint Maarten,シント・マールテン,신트마르턴,Sint Maarten,Sint Maarten,São Martinho,Синт-Мартен,Sint Maarten,Sint Maarten,Sint Maarten,荷屬聖馬丁,Sint Maarten (Neth.),Name in italic,Other,.22658555,.0019931931,18.041,-63.07,37
38,Admin-0 country,2,Sovereign country,Sultanate of Oman,,3424386,12,173100,2017,2010,2016,6. Developing region,2. High income: nonOECD,MU,OM,OMN,OMN,512,512,OM,OMN,Asia,Asia,Western Asia,Middle East & North Africa,سلطنة عمان,ওমান,Oman,Oman,Omán,Oman,Ομάν,ओमान,Omán,Oman,Oman,オマーン,오만,Oman,Oman,Omã,Оман,Oman,Umman,Oman,阿曼,Oman,None,MENA,35.410698,26.983,20.602,56.093,38
39,Admin-0 country,2,Sovereign country,Republic of Uzbekistan,,29748859,15,202300,2017,1989,2016,6. Developing region,4. Lower middle income,UZ,UZ,UZB,UZB,860,860,UZ,UZB,Asia,Asia,Central Asia,Europe & Central Asia,أوزبكستان,উজবেকিস্তান,Usbekistan,Uzbekistan,Uzbekistán,Ouzbékistan,Ουζμπεκιστάν,उज़्बेकिस्तान,Üzbegisztán,Uzbekistan,Uzbekistan,ウズベキスタン,우즈베키스탄,Oezbekistan,Uzbekistan,Usbequistão,Узбекистан,Uzbekistan,Özbekistan,Uzbekistan,乌兹别克斯坦,Uzbekistan,None,ECA,64.67659,48.506584,41.756,63.14,39
40,Admin-0 country,2,Sovereign country,Republic of Kazakhstan,,18556698,14,460700,2017,2009,2016,6. Developing region,3. Upper middle income,KZ,KZ,KAZ,KAZ,398,398,KZ,KAZ,Asia,Asia,Central Asia,Europe & Central Asia,كازاخستان,কাজাখস্তান,Kasachstan,Kazakhstan,Kazajistán,Kazakhstan,Καζακστάν,कज़ाख़िस्तान,Kazahsztán,Kazakhstan,Kazakistan,カザフスタン,카자흐스탄,Kazachstan,Kazachstan,Cazaquistão,Казахстан,Kazakstan,Kazakistan,Kazakhstan,哈萨克斯坦,Kazakhstan,None,ECA,158.82011,329.36758,48.156,67.28700000000001,40
41,Admin-0 country,2,Sovereign country,Republic of Tajikistan,,8468555,13,25810,2017,2010,2016,6. Developing region,5. Low income,TI,TJ,TJK,TJK,762,762,TJ,TJK,Asia,Asia,Central Asia,Europe & Central Asia,طاجيكستان,তাজিকিস্তান,Tadschikistan,Tajikistan,Tayikistán,Tadjikistan,Τατζικιστάν,ताजिकिस्तान,Tádzsikisztán,Tajikistan,Tagikistan,タジキスタン,타지키스탄,Tadzjikistan,Tadżykistan,Tajiquistão,Таджикистан,Tadzjikistan,Tacikistan,Tajikistan,塔吉克斯坦,Tajikistan,None,ECA,36.692707,14.696673,38.53,71.01600000000001,41
42,Admin-0 country,2,Sovereign country,Republic of Lithuania,,2823859,12,85620,2017,2011,2016,2. Developed region: nonG7,3. Upper middle income,LH,LT,LTU,LTU,440,440,LT,LTU,Europe,Europe,Northern Europe,Europe & Central Asia,ليتوانيا,লিথুয়ানিয়া,Litauen,Lithuania,Lituania,Lituanie,Λιθουανία,लिथुआनिया,Litvánia,Lituania,Lituania,リトアニア,리투아니아,Litouwen,Litwa,Lituânia,Литва,Litauen,Litvanya,Litva,立陶宛,Lithuania,None,ECA,17.842075,9.1903973,55.327,23.888,42
43,Admin-0 country,2,Sovereign country,Federative Republic of Brazil,,207353391,17,3081000,2017,2010,2016,3. Emerging region: BRIC,3. Upper middle income,BR,BR,BRA,BRA,076,076,BR,BRA,South America,Americas,South America,Latin America & Caribbean,البرازيل,ব্রাজিল,Brasilien,Brazil,Brasil,Brésil,Βραζιλία,ब्राज़ील,Brazília,Brasil,Brasile,ブラジル,브라질,Brazilië,Brazylia,Brasil,Бразилия,Brasilien,Brezilya,Brasil,巴西,Brazil,None,LCR,283.82474,707.10297,-10.781,-53.092,43
44,Admin-0 country,2,Sovereign country,Oriental Republic of Uruguay,,3360148,12,73250,2017,2004,2016,5. Emerging region: G20,3. Upper middle income,UY,UY,URY,URY,858,858,UY,URY,South America,Americas,South America,Latin America & Caribbean,الأوروغواي,উরুগুয়ে,Uruguay,Uruguay,Uruguay,Uruguay,Ουρουγουάη,उरुग्वे,Uruguay,Uruguay,Uruguay,ウルグアイ,우루과이,Uruguay,Urugwaj,Uruguai,Уругвай,Uruguay,Uruguay,Uruguay,乌拉圭,Uruguay,None,LCR,19.306814,17.076233,-32.798,-56.017,44
45,Admin-0 country,2,Sovereign country,Mongolia,,3068243,12,37000,2017,2010,2016,6. Developing region,4. Lower middle income,MG,MN,MNG,MNG,496,496,MN,MNG,Asia,Asia,Eastern Asia,East Asia & Pacific,منغوليا,মঙ্গোলিয়া,Mongolei,Mongolia,Mongolia,Mongolie,Μογγολία,मंगोलिया,Mongólia,Mongolia,Mongolia,モンゴル国,몽골,Mongolië,Mongolia,Mongólia,Монголия,Mongoliet,Moğolistan,Mông Cổ,蒙古国,Mongolia,None,EAP,85.724075,184.60298,46.826,103.056,45
46,Admin-0 country,2,Sovereign country,Russian Federation,,142257519,17,3745000,2017,2010,2016,3. Emerging region: BRIC,3. Upper middle income,RS,RU,RUS,RUS,643,643,RU,RUS,Europe,Europe,Eastern Europe,Europe & Central Asia,روسيا,রাশিয়া,Russland,Russia,Rusia,Russie,Ρωσία,रूस,Oroszország,Rusia,Russia,ロシア,러시아,Rusland,Rosja,Rússia,Россия,Ryssland,Rusya,Nga,俄罗斯,Russian Federation,"Do not use ""Russia""",ECA,1645.5361,2925.3325,61.988,96.684,46
47,Admin-0 country,2,Sovereign country,Czech Republic,la République tchèque,10674723,14,350900,2017,2011,2016,2. Developed region: nonG7,1. High income: OECD,EZ,CZ,CZE,CZE,203,203,CZ,CZE,Europe,Europe,Eastern Europe,Europe & Central Asia,التشيك,চেক প্রজাতন্ত্র,Tschechien,Czech Republic,República Checa,République tchèque,Τσεχία,चेक गणराज्य,Csehország,Republik Ceko,Repubblica Ceca,チェコ,체코,Tsjechië,Czechy,República Checa,Чехия,Tjeckien,Çek Cumhuriyeti,Cộng hòa Séc,捷克,Czech Republic,"Optionally, use Czechia",ECA,20.370905,9.8226662,49.732,15.314,47
48,Admin-0 country,2,Sovereign country,Federal Republic of Germany,,80594017,16,3979000,2017,2011,2016,1. Developed region: G7,1. High income: OECD,GM,DE,DEU,DEU,276,276,DE,DEU,Europe,Europe,Western Europe,Europe & Central Asia,ألمانيا,জার্মানি,Deutschland,Germany,Alemania,Allemagne,Γερμανία,जर्मनी,Németország,Jerman,Germania,ドイツ,독일,Duitsland,Niemcy,Alemanha,Германия,Tyskland,Almanya,Đức,德国,Germany,None,Other,68.235184,45.930027,51.106,10.381,48
49,Admin-0 country,2,Sovereign country,Republic of Estonia,,1251581,12,38700,2017,2000,2016,2. Developed region: nonG7,1. High income: OECD,EN,EE,EST,EST,233,233,EE,EST,Europe,Europe,Northern Europe,Europe & Central Asia,إستونيا,এস্তোনিয়া,Estland,Estonia,Estonia,Estonie,Εσθονία,एस्टोनिया,Észtország,Estonia,Estonia,エストニア,에스토니아,Estland,Estonia,Estónia,Эстония,Estland,Estonya,Estonia,爱沙尼亚,Estonia,None,ECA,27.208008,7.0895834,58.671,25.536,49
50,Admin-0 country,2,Sovereign country,Republic of Latvia,,1944643,12,50650,2017,2011,2016,2. Developed region: nonG7,3. Upper middle income,LG,LV,LVA,LVA,428,428,LV,LVA,Europe,Europe,Northern Europe,Europe & Central Asia,لاتفيا,লাতভিয়া,Lettland,Latvia,Letonia,Lettonie,Λετονία,लातविया,Lettország,Latvia,Lettonia,ラトビア,라트비아,Letland,Łotwa,Letónia,Латвия,Lettland,Letonya,Latvia,拉脫維亞,Latvia,None,ECA,20.191133,9.5048637,56.852,24.909,50
51,Admin-0 country,2,Sovereign country,Kingdom of Norway,,5320045,13,364700,2017,2001,2016,2. Developed region: nonG7,1. High income: OECD,-99,-99,-99,-99,-99,-99,-99,NOR,Europe,Europe,Northern Europe,Europe & Central Asia,النرويج,নরওয়ে,Norwegen,Norway,Noruega,Norvège,Νορβηγία,नॉर्वे,Norvégia,Norwegia,Norvegia,ノルウェー,노르웨이,Noorwegen,Norwegia,Noruega,Норвегия,Norge,Norveç,Na Uy,挪威,Norway,None,Other,552.73322,85.597443,68.794,15.41,51
52,Admin-0 country,2,Sovereign country,Kingdom of Sweden,,9960487,13,498100,2017,-99,2016,2. Developed region: nonG7,1. High income: OECD,SW,SE,SWE,SWE,752,752,SE,SWE,Europe,Europe,Northern Europe,Europe & Central Asia,السويد,সুইডেন,Schweden,Sweden,Suecia,Suède,Σουηδία,स्वीडन,Svédország,Swedia,Svezia,スウェーデン,스웨덴,Zweden,Szwecja,Suécia,Швеция,Sverige,İsveç,Thụy Điển,瑞典,Sweden,None,Other,116.62663,78.560883,62.777,16.754,52
53,Admin-0 country,2,Country,Republic of Finland,,5491218,13,224137,2017,2010,2016,2. Developed region: nonG7,1. High income: OECD,FI,FI,FIN,FIN,246,246,FI,FIN,Europe,Europe,Northern Europe,Europe & Central Asia,فنلندا,ফিনল্যান্ড,Finnland,Finland,Finlandia,Finlande,Φινλανδία,फ़िनलैण्ड,Finnország,Finlandia,Finlandia,フィンランド,핀란드,Finland,Finlandia,Finlândia,Финляндия,Finland,Finlandiya,Phần Lan,芬兰,Finland,None,Other,94.251434,62.380192,64.485,26.256,53
54,Admin-0 country,2,Sovereign country,Socialist Republic of Vietnam,,96160163,16,594900,2017,2009,2016,5. Emerging region: G20,4. Lower middle income,VM,VN,VNM,VNM,704,704,VN,VNM,Asia,Asia,South-Eastern Asia,East Asia & Pacific,فيتنام,ভিয়েতনাম,Vietnam,Vietnam,Vietnam,Viêt Nam,Βιετνάμ,वियतनाम,Vietnám,Vietnam,Vietnam,ベトナム,베트남,Vietnam,Wietnam,Vietname,Вьетнам,Vietnam,Vietnam,Việt Nam,越南,Vietnam,Name in one word,EAP,87.719841,27.945061,16.642,106.301,54
55,Admin-0 country,2,Sovereign country,Kingdom of Cambodia,,16204486,14,58940,2017,2008,2016,7. Least developed region,5. Low income,CB,KH,KHM,KHM,116,116,KH,KHM,Asia,Asia,South-Eastern Asia,East Asia & Pacific,كمبوديا,কম্বোডিয়া,Kambodscha,Cambodia,Camboya,Cambodge,Καμπότζη,कम्बोडिया,Kambodzsa,Kamboja,Cambogia,カンボジア,캄보디아,Cambodja,Kambodża,Camboja,Камбоджа,Kambodja,Kamboçya,Campuchia,柬埔寨,Cambodia,None,EAP,26.032614,15.071694,12.716,104.903,55
56,Admin-0 country,2,Sovereign country,Grand Duchy of Luxembourg,,594130,11,58740,2017,2011,2016,2. Developed region: nonG7,1. High income: OECD,LU,LU,LUX,LUX,442,442,LU,LUX,Europe,Europe,Western Europe,Europe & Central Asia,لوكسمبورغ,লুক্সেমবুর্গ,Luxemburg,Luxembourg,Luxemburgo,Luxembourg,Λουξεμβούργο,लक्ज़मबर्ग,Luxemburg,Luksemburg,Lussemburgo,ルクセンブルク,룩셈부르크,Luxemburg,Luksemburg,Luxemburgo,Люксембург,Luxemburg,Lüksemburg,Luxembourg,卢森堡,Luxembourg,None,Other,2.9600632,.32553893,49.767,6.072,56
57,Admin-0 country,2,Sovereign country,United Arab Emirates,,6072475,13,667200,2017,2010,2016,6. Developing region,2. High income: nonOECD,AE,AE,ARE,ARE,784,784,AE,ARE,Asia,Asia,Western Asia,Middle East & North Africa,الإمارات العربية المتحدة,সংযুক্ত আরব আমিরাত,Vereinigte Arabische Emirate,United Arab Emirates,Emiratos Árabes Unidos,Émirats arabes unis,Ηνωμένα Αραβικά Εμιράτα,संयुक्त अरब अमीरात,Egyesült Arab Emírségek,Uni Emirat Arab,Emirati Arabi Uniti,アラブ首長国連邦,아랍에미리트,Verenigde Arabische Emiraten,Zjednoczone Emiraty Arabskie,Emirados Árabes Unidos,Объединённые Арабские Эмираты,Förenade Arabemiraten,Birleşik Arap Emirlikleri,Các Tiểu vương quốc Ả Rập Thống nhất,阿拉伯联合酋长国,United Arab Emirates,None,MENA,21.46629,6.3035593,23.906,54.301,57
58,Admin-0 country,2,Sovereign country,Kingdom of Belgium,,11491346,14,508600,2017,2011,2016,2. Developed region: nonG7,1. High income: OECD,BE,BE,BEL,BEL,056,056,BE,BEL,Europe,Europe,Western Europe,Europe & Central Asia,بلجيكا,বেলজিয়াম,Belgien,Belgium,Bélgica,Belgique,Βέλγιο,बेल्जियम,Belgium,Belgia,Belgio,ベルギー,벨기에,België,Belgia,Bélgica,Бельгия,Belgien,Belçika,Bỉ,比利时,Belgium,None,Other,13.49679,3.8973508,50.637,4.64,58
59,Admin-0 country,2,Sovereign country,Georgia,,4926330,12,37270,2017,2002,2016,6. Developing region,4. Lower middle income,GG,GE,GEO,GEO,268,268,GE,GEO,Asia,Asia,Western Asia,Europe & Central Asia,جورجيا,জর্জিয়া,Georgien,Georgia,Georgia,Géorgie,Γεωργία,जॉर्जिया,Grúzia,Georgia,Georgia,ジョージア,조지아,Georgië,Gruzja,Geórgia,Грузия,Georgien,Gürcistan,Gruzia,格鲁吉亚,Georgia,None,ECA,18.826168,7.5802245,42.169,43.508,59
60,Admin-0 country,2,Sovereign country,Former Yugoslav Republic of Macedonia,,2103721,12,29520,2017,2010,2016,6. Developing region,3. Upper middle income,MK,MK,MKD,MKD,807,807,MK,MKD,Europe,Europe,Southern Europe,Europe & Central Asia,جمهورية مقدونيا,ম্যাসেডোনিয়া প্রজাতন্ত্র,Mazedonien,Republic of Macedonia,República de Macedonia,République de Macédoine,πρώην Γιουγκοσλαβική Δημοκρατία της Μακεδονίας,मैसिडोनिया,Macedónia,Republik Makedonia,Repubblica di Macedonia,マケドニア共和国,마케도니아 공화국,Macedonië,Macedonia,República da Macedónia,Республика Македония,Makedonien,Makedonya Cumhuriyeti,Cộng hòa Macedonia,馬其頓共和國,North Macedonia,None,ECA,7.6191521,2.7414463,41.595,21.684,60
61,Admin-0 country,2,Sovereign country,Republic of Albania,,3047987,12,33900,2017,2001,2016,6. Developing region,4. Lower middle income,AL,AL,ALB,ALB,008,008,AL,ALB,Europe,Europe,Southern Europe,Europe & Central Asia,ألبانيا,আলবেনিয়া,Albanien,Albania,Albania,Albanie,Αλβανία,अल्बानिया,Albánia,Albania,Albania,アルバニア,알바니아,Albanië,Albania,Albânia,Албания,Albanien,Arnavutluk,Albania,阿尔巴尼亚,Albania,None,ECA,11.050457,3.0393951,41.142,20.054,61
62,Admin-0 country,2,Sovereign country,Republic of Azerbaijan,,9961396,13,167900,2017,2009,2016,6. Developing region,3. Upper middle income,AJ,AZ,AZE,AZE,031,031,AZ,AZE,Asia,Asia,Western Asia,Europe & Central Asia,أذربيجان,আজারবাইজান,Aserbaidschan,Azerbaijan,Azerbaiyán,Azerbaïdjan,Αζερμπαϊτζάν,अज़रबैजान,Azerbajdzsán,Azerbaijan,Azerbaigian,アゼルバイジャン,아제르바이잔,Azerbeidzjan,Azerbejdżan,Azerbaijão,Азербайджан,Azerbajdzjan,Azerbaycan,Azerbaijan,阿塞拜疆,Azerbaijan,None,ECA,27.689709,9.1354494,40.289,47.542,62
63,Admin-0 country,2,Sovereign country,Republic of Kosovo,,1895250,12,18490,2017,1981,2016,6. Developing region,4. Lower middle income,KV,XK,-99,-99,-99,-099,KV,KSV,Europe,Europe,Southern Europe,Europe & Central Asia,كوسوفو,কসোভো,Kosovo,Kosovo,Kosovo,Kosovo,Κοσσυφοπέδιο,कोसोवो गणराज्य,Koszovó,Kosovo,Kosovo,コソボ共和国,코소보,Kosovo,Kosowo,Kosovo,Республика Косово,Kosovo,Kosova,Kosovo,科索沃,Kosovo,None,ECA,5.9259129,1.1965717,42.573,20.874,63
64,Admin-0 country,2,Sovereign country,Republic of Turkey,,80845215,16,1670000,2017,2000,2016,4. Emerging region: MIKT,3. Upper middle income,TU,TR,TUR,TUR,792,792,TR,TUR,Asia,Asia,Western Asia,Europe & Central Asia,تركيا,তুরস্ক,Türkei,Turkey,Turquía,Turquie,Τουρκία,तुर्की,Törökország,Turki,Turchia,トルコ,터키,Turkije,Turcja,Turquia,Турция,Turkiet,Türkiye,Thổ Nhĩ Kỳ,土耳其,Turkey,None,ECA,87.588303,81.20945,39.061,35.167,64
65,Admin-0 country,2,Sovereign country,Kingdom of Spain,,48958159,15,1690000,2017,2001,2016,2. Developed region: nonG7,1. High income: OECD,SP,ES,ESP,ESP,724,724,ES,ESP,Europe,Europe,Southern Europe,Europe & Central Asia,إسبانيا,স্পেন,Spanien,Spain,España,Espagne,Ισπανία,स्पेन,Spanyolország,Spanyol,Spagna,スペイン,스페인,Spanje,Hiszpania,Espanha,Испания,Spanien,İspanya,Tây Ban Nha,西班牙,Spain,None,Other,70.285988,53.681927,40.227,-3.653,65
66,Admin-0 country,2,Sovereign country,Lao People's Democratic Republic,,7126706,13,40960,2017,2005,2016,7. Least developed region,4. Lower middle income,LA,LA,LAO,LAO,418,418,LA,LAO,Asia,Asia,South-Eastern Asia,East Asia & Pacific,لاوس,লাওস,Laos,Laos,Laos,Laos,Λάος,लाओस,Laosz,Laos,Laos,ラオス,라오스,Laos,Laos,Laos,Лаос,Laos,Laos,Lào,老挝,Lao People's Democratic Republic,"Always have ""People's Democratic Republic"" after ""Lao""",EAP,40.585999,19.5287,18.502,103.738,66
67,Admin-0 country,2,Sovereign country,Kyrgyz Republic,,5789122,13,21010,2017,2009,2016,6. Developing region,5. Low income,KG,KG,KGZ,KGZ,417,417,KG,KGZ,Asia,Asia,Central Asia,Europe & Central Asia,قيرغيزستان,কির্গিজস্তান,Kirgisistan,Kyrgyzstan,Kirguistán,Kirghizistan,Κιργιζία,किर्गिज़स्तान,Kirgizisztán,Kirgizstan,Kirghizistan,キルギス,키르기스스탄,Kirgizië,Kirgistan,Quirguistão,Киргизия,Kirgizistan,Kırgızistan,Kyrgyzstan,吉尔吉斯斯坦,Kyrgyz Republic,Don't use Kyrgyzstan,ECA,40.582565,21.448826,41.462,74.542,67
68,Admin-0 country,2,Sovereign country,Republic of Armenia,,3045191,12,26300,2017,2001,2016,6. Developing region,4. Lower middle income,AM,AM,ARM,ARM,051,051,AM,ARM,Asia,Asia,Western Asia,Europe & Central Asia,أرمينيا,আর্মেনিয়া,Armenien,Armenia,Armenia,Arménie,Αρμενία,आर्मीनिया,Örményország,Armenia,Armenia,アルメニア,아르메니아,Armenië,Armenia,Arménia,Армения,Armenien,Ermenistan,Armenia,亞美尼亞,Armenia,None,ECA,12.806471,3.1337779,40.288,44.932,68
69,Admin-0 country,2,Country,Kingdom of Denmark,,5605948,13,264800,2017,2011,2016,2. Developed region: nonG7,1. High income: OECD,DA,DK,DNK,DNK,208,208,DK,DNK,Europe,Europe,Northern Europe,Europe & Central Asia,الدنمارك,ডেনমার্ক,Dänemark,Denmark,Dinamarca,Danemark,Δανία,डेनमार्क,Dánia,Denmark,Danimarca,デンマーク,덴마크,Denemarken,Dania,Dinamarca,Дания,Danmark,Danimarka,Đan Mạch,丹麦,Denmark,None,Other,55.765507,6.1410737,55.965,10.051,69
70,Admin-0 country,2,Sovereign country,Libya,,6653210,13,90890,2017,2006,2016,6. Developing region,3. Upper middle income,LY,LY,LBY,LBY,434,434,LY,LBY,Africa,Africa,Northern Africa,Middle East & North Africa,ليبيا,লিবিয়া,Libyen,Libya,Libia,Libye,Λιβύη,लीबिया,Líbia,Libya,Libia,リビア,리비아,Libië,Libia,Líbia,Ливия,Libyen,Libya,Libya,利比亚,Libya,None,MENA,58.140682,147.89433,27.03,18.01,70
71,Admin-0 country,2,Sovereign country,Republic of Tunisia,,11403800,14,130800,2017,2004,2016,6. Developing region,3. Upper middle income,TS,TN,TUN,TUN,788,788,TN,TUN,Africa,Africa,Northern Africa,Middle East & North Africa,تونس,তিউনিসিয়া,Tunesien,Tunisia,Túnez,Tunisie,Τυνησία,ट्यूनिशिया,Tunézia,Tunisia,Tunisia,チュニジア,튀니지,Tunesië,Tunezja,Tunísia,Тунис,Tunisien,Tunus,Tunisia,突尼西亞,Tunisia,None,MENA,27.098652,15.310749,34.119,9.555,71
72,Admin-0 country,2,Sovereign country,Romania,,21529967,15,441000,2017,2011,2016,2. Developed region: nonG7,3. Upper middle income,RO,RO,ROU,ROU,642,642,RO,ROM,Europe,Europe,Eastern Europe,Europe & Central Asia,رومانيا,রোমানিয়া,Rumänien,Romania,Rumania,Roumanie,Ρουμανία,रोमानिया,Románia,Rumania,Romania,ルーマニア,루마니아,Roemenië,Rumunia,Roménia,Румыния,Rumänien,Romanya,Romania,羅馬尼亞,Romania,None,ECA,31.534916,27.387182,45.853,24.973,72
73,Admin-0 country,2,Sovereign country,Republic of Hungary,,9850845,13,267600,2017,2001,2016,2. Developed region: nonG7,1. High income: OECD,HU,HU,HUN,HUN,348,348,HU,HUN,Europe,Europe,Eastern Europe,Europe & Central Asia,المجر,হাঙ্গেরি,Ungarn,Hungary,Hungría,Hongrie,Ουγγαρία,हंगरी,Magyarország,Hongaria,Ungheria,ハンガリー,헝가리,Hongarije,Węgry,Hungria,Венгрия,Ungern,Macaristan,Hungary,匈牙利,Hungary,None,ECA,19.356867,11.057005,47.163,19.397,73
74,Admin-0 country,2,Sovereign country,Slovak Republic,,5445829,13,168800,2017,2011,2016,2. Developed region: nonG7,1. High income: OECD,LO,SK,SVK,SVK,703,703,SK,SVK,Europe,Europe,Eastern Europe,Europe & Central Asia,سلوفاكيا,স্লোভাকিয়া,Slowakei,Slovakia,Eslovaquia,Slovaquie,Σλοβακία,स्लोवाकिया,Szlovákia,Slowakia,Slovacchia,スロバキア,슬로바키아,Slowakije,Słowacja,Eslováquia,Словакия,Slovakien,Slovakya,Slovakia,斯洛伐克,Slovak Republic,Don't use Slovakia,ECA,14.903338,5.920517,48.705,19.48,74
75,Admin-0 country,2,Sovereign country,Republic of Poland,,38476269,15,1052000,2017,2011,2016,2. Developed region: nonG7,1. High income: OECD,PL,PL,POL,POL,616,616,PL,POL,Europe,Europe,Eastern Europe,Europe & Central Asia,بولندا,পোল্যান্ড,Polen,Poland,Polonia,Pologne,Πολωνία,पोलैंड,Lengyelország,Polandia,Polonia,ポーランド,폴란드,Polen,Polska,Polónia,Польша,Polen,Polonya,Ba Lan,波兰,Poland,None,ECA,37.818756,41.141773,52.125,19.394,75
76,Admin-0 country,2,Sovereign country,Ireland,,5011102,13,322000,2017,2011,2016,2. Developed region: nonG7,1. High income: OECD,EI,IE,IRL,IRL,372,372,IE,IRL,Europe,Europe,Northern Europe,Europe & Central Asia,جمهورية أيرلندا,প্রজাতন্ত্রী আয়ারল্যান্ড,Irland,Ireland,Irlanda,Irlande,Δημοκρατία της Ιρλανδίας,आयरलैण्ड,Írország,Republik Irlandia,Irlanda,アイルランド,아일랜드,Ierland,Irlandia,República da Irlanda,Ирландия,Irland,İrlanda,Cộng hòa Ireland,爱尔兰共和国,Ireland,None,Other,48.242016,9.3340473,53.178,-8.145,76
77,Admin-0 country,2,Country,United Kingdom of Great Britain and Northern Ireland,,64769452,16,2788000,2017,2011,2016,1. Developed region: G7,1. High income: OECD,UK,GB,GBR,GBR,826,826,GB,GBR,Europe,Europe,Northern Europe,Europe & Central Asia,المملكة المتحدة,যুক্তরাজ্য,Vereinigtes Königreich,United Kingdom,Reino Unido,Royaume-Uni,Ηνωμένο Βασίλειο,यूनाइटेड किंगडम,Egyesült Királyság,Britania Raya,Regno Unito,イギリス,영국,Verenigd Koninkrijk,Wielka Brytania,Reino Unido,Великобритания,Storbritannien,Birleşik Krallık,Vương quốc Liên hiệp Anh và Bắc Ireland,英国,United Kingdom,None,Other,155.61409,33.545734,54.147,-2.887,77
78,Admin-0 country,2,Sovereign country,Hellenic Republic,,10768477,14,290500,2017,2011,2016,2. Developed region: nonG7,1. High income: OECD,GR,GR,GRC,GRC,300,300,GR,GRC,Europe,Europe,Southern Europe,Europe & Central Asia,اليونان,গ্রিস,Griechenland,Greece,Grecia,Grèce,Ελλάδα,यूनान,Görögország,Yunani,Grecia,ギリシャ,그리스,Griekenland,Grecja,Grécia,Греция,Grekland,Yunanistan,Hy Lạp,希腊,Greece,None,Other,108.70939,13.674201,39.051,22.975,78
79,Admin-0 country,2,Sovereign country,Republic of Zambia,,15972000,14,65170,2017,2010,2016,7. Least developed region,4. Lower middle income,ZA,ZM,ZMB,ZMB,894,894,ZM,ZMB,Africa,Africa,Eastern Africa,Sub-Saharan Africa,زامبيا,জাম্বিয়া,Sambia,Zambia,Zambia,Zambie,Ζάμπια,ज़ाम्बिया,Zambia,Zambia,Zambia,ザンビア,잠비아,Zambia,Zambia,Zâmbia,Замбия,Zambia,Zambiya,Zambia,赞比亚,Zambia,None,AFR,51.220612,62.815601,-13.46,27.774,79
80,Admin-0 country,2,Sovereign country,Republic of Sierra Leone,,6163195,13,10640,2017,2004,2016,7. Least developed region,5. Low income,SL,SL,SLE,SLE,694,694,SL,SLE,Africa,Africa,Western Africa,Sub-Saharan Africa,سيراليون,সিয়েরা লিওন,Sierra Leone,Sierra Leone,Sierra Leona,Sierra Leone,Σιέρα Λεόνε,सिएरा लियोन,Sierra Leone,Sierra Leone,Sierra Leone,シエラレオネ,시에라리온,Sierra Leone,Sierra Leone,Serra Leoa,Сьерра-Леоне,Sierra Leone,Sierra Leone,Sierra Leone,塞拉利昂,Sierra Leone,None,AFR,16.759111,5.882082,8.563000000000001,-11.795,80
81,Admin-0 country,2,Sovereign country,Republic of Guinea,,12413867,14,16080,2017,1996,2016,7. Least developed region,5. Low income,GV,GN,GIN,GIN,324,324,GN,GIN,Africa,Africa,Western Africa,Sub-Saharan Africa,غينيا,গিনি,Guinea,Guinea,Guinea,Guinée,Γουινέα,गिनी,Guinea,Guinea,Guinea,ギニア,기니,Guinee,Gwinea,Guiné,Гвинея,Guinea,Gine,Guinée,几内亚,Guinea,None,AFR,36.70216,20.176388,10.435,-10.943,81
82,Admin-0 country,2,Sovereign country,Republic of Liberia,,4689021,12,3881,2017,2008,2016,7. Least developed region,5. Low income,LI,LR,LBR,LBR,430,430,LR,LBR,Africa,Africa,Western Africa,Sub-Saharan Africa,ليبيريا,লাইবেরিয়া,Liberia,Liberia,Liberia,Liberia,Λιβερία,लाइबेरिया,Libéria,Liberia,Liberia,リベリア,라이베리아,Liberia,Liberia,Libéria,Либерия,Liberia,Liberya,Liberia,利比里亚,Liberia,None,AFR,17.023693,7.7911801,6.452,-9.32,82
83,Admin-0 country,2,Sovereign country,Central African Republic,,5625118,13,3206,2017,2003,2016,7. Least developed region,5. Low income,CT,CF,CAF,CAF,140,140,CF,CAF,Africa,Africa,Middle Africa,Sub-Saharan Africa,جمهورية أفريقيا الوسطى,মধ্য আফ্রিকান প্রজাতন্ত্র,Zentralafrikanische Republik,Central African Republic,República Centroafricana,République centrafricaine,Κεντροαφρικανική Δημοκρατία,मध्य अफ़्रीकी गणराज्य,Közép-afrikai Köztársaság,Republik Afrika Tengah,Repubblica Centrafricana,中央アフリカ共和国,중앙아프리카 공화국,Centraal-Afrikaanse Republiek,Republika Środkowoafrykańska,República Centro-Africana,Центральноафриканская Республика,Centralafrikanska republiken,Orta Afrika Cumhuriyeti,Cộng hòa Trung Phi,中非共和國,Central African Republic,None,AFR,44.636635,50.547703,6.566,20.465,83
84,Admin-0 country,2,Sovereign country,Republic of the Sudan,,37345935,15,176300,2017,2008,2016,6. Developing region,4. Lower middle income,SU,SD,SDN,SDN,729,729,SD,SDN,Africa,Africa,Northern Africa,Sub-Saharan Africa,السودان,সুদান,Sudan,Sudan,Sudán,Soudan,Σουδάν,सूडान,Szudán,Sudan,Sudan,スーダン,수단,Soedan,Sudan,Sudão,Судан,Sudan,Sudan,Sudan,苏丹共和国,Sudan,None,AFR,67.769745,156.20546,16.023,29.948,84
85,Admin-0 country,2,Sovereign country,Republic of Djibouti,,865267,11,3345,2017,2009,2016,7. Least developed region,4. Lower middle income,DJ,DJ,DJI,DJI,262,262,DJ,DJI,Africa,Africa,Eastern Africa,Middle East & North Africa,جيبوتي,জিবুতি,Dschibuti,Djibouti,Yibuti,Djibouti,Τζιμπουτί,जिबूती,Dzsibuti,Djibouti,Gibuti,ジブチ,지부티,Djibouti,Dżibuti,Djibouti,Джибути,Djibouti,Cibuti,Djibouti,吉布提,Djibouti,None,MENA,7.4933977,1.8119755,11.75,42.566,85
86,Admin-0 country,2,Sovereign country,State of Eritrea,,5918919,13,9169,2017,1984,2016,7. Least developed region,5. Low income,ER,ER,ERI,ERI,232,232,ER,ERI,Africa,Africa,Eastern Africa,Sub-Saharan Africa,إرتريا,ইরিত্রিয়া,Eritrea,Eritrea,Eritrea,Érythrée,Ερυθραία,इरित्रिया,Eritrea,Eritrea,Eritrea,エリトリア,에리트레아,Eritrea,Erytrea,Eritreia,Эритрея,Eritrea,Eritre,Eritrea,厄立特里亚,Eritrea,None,AFR,27.610928,10.316163,15.358,38.853,86
87,Admin-0 country,2,Sovereign country,Republic of Austria,,8754413,13,416600,2017,2011,2016,2. Developed region: nonG7,1. High income: OECD,AU,AT,AUT,AUT,040,040,AT,AUT,Europe,Europe,Western Europe,Europe & Central Asia,النمسا,অস্ট্রিয়া,Österreich,Austria,Austria,Autriche,Αυστρία,ऑस्ट्रिया,Ausztria,Austria,Austria,オーストリア,오스트리아,Oostenrijk,Austria,Áustria,Австрия,Österrike,Avusturya,Áo,奥地利,Austria,None,Other,24.138472,10.043709,47.586,14.131,87
88,Admin-0 country,2,Sovereign country,Republic of Iraq,,39192111,15,596700,2017,1997,2016,6. Developing region,4. Lower middle income,IZ,IQ,IRQ,IRQ,368,368,IQ,IRQ,Asia,Asia,Western Asia,Middle East & North Africa,العراق,ইরাক,Irak,Iraq,Irak,Irak,Ιράκ,इराक़,Irak,Irak,Iraq,イラク,이라크,Irak,Irak,Iraque,Ирак,Irak,Irak,Iraq,伊拉克,Iraq,None,MENA,34.676014,42.243984,33.04,43.745,88
89,Admin-0 country,2,Sovereign country,Italian Republic,,62137802,16,2221000,2017,2012,2016,1. Developed region: G7,1. High income: OECD,IT,IT,ITA,ITA,380,380,IT,ITA,Europe,Europe,Southern Europe,Europe & Central Asia,إيطاليا,ইতালি,Italien,Italy,Italia,Italie,Ιταλία,इटली,Olaszország,Italia,Italia,イタリア,이탈리아,Italië,Włochy,Itália,Италия,Italien,İtalya,Ý,意大利,Italy,None,Other,80.206757,33.172173,42.786,12.072,89
90,Admin-0 country,2,Sovereign country,Swiss Confederation,,8236303,13,496300,2017,2010,2016,2. Developed region: nonG7,1. High income: OECD,SZ,CH,CHE,CHE,756,756,CH,CHE,Europe,Europe,Western Europe,Europe & Central Asia,سويسرا,সুইজারল্যান্ড,Schweiz,Switzerland,Suiza,Suisse,Ελβετία,स्विट्ज़रलैण्ड,Svájc,Swiss,Svizzera,スイス,스위스,Zwitserland,Szwajcaria,Suíça,Швейцария,Schweiz,İsviçre,Thụy Sĩ,瑞士,Switzerland,None,Other,16.626408,4.8826232,46.799,8.215,90
91,Admin-0 country,2,Sovereign country,Islamic Republic of Iran,,82021564,16,1459000,2017,2006,2016,5. Emerging region: G20,3. Upper middle income,IR,IR,IRN,IRN,364,364,IR,IRN,Asia,Asia,Southern Asia,Middle East & North Africa,إيران,ইরান,Iran,Iran,Irán,Iran,Ιράν,ईरान,Irán,Iran,Iran,イラン,이란,Iran,Iran,Irão,Иран,Iran,İran,Iran,伊朗,"Iran, Islamic Republic of","Always have ""Islamic Republic of"" before ""Iran""",MENA,83.533531,156.08798,32.571,54.277,91
92,Admin-0 country,2,Sovereign country,Principality of Liechtenstein,,38244,7,4978,2017,2010,2014,2. Developed region: nonG7,2. High income: nonOECD,LS,LI,LIE,LIE,438,438,LI,LIE,Europe,Europe,Western Europe,Europe & Central Asia,ليختنشتاين,লিশটেনস্টাইন,Liechtenstein,Liechtenstein,Liechtenstein,Liechtenstein,Λίχτενσταϊν,लिक्टेन्स्टाइन,Liechtenstein,Liechtenstein,Liechtenstein,リヒテンシュタイン,리히텐슈타인,Liechtenstein,Liechtenstein,Liechtenstein,Лихтенштейн,Liechtenstein,Lihtenştayn,Liechtenstein,列支敦斯登,Liechtenstein,None,Other,.61538029,.016274268,47.138,9.541,92
93,Admin-0 country,2,Sovereign country,Republic of Ivory Coast,Republic of Cote D'Ivoire,24184810,15,87120,2017,1998,2016,6. Developing region,4. Lower middle income,IV,CI,CIV,CIV,384,384,CI,CIV,Africa,Africa,Western Africa,Sub-Saharan Africa,ساحل العاج,কোত দিভোয়ার,Elfenbeinküste,Ivory Coast,Costa de Marfil,Côte d'Ivoire,Ακτή Ελεφαντοστού,कोत द'ईवोआर,Elefántcsontpart,Pantai Gading,Costa d'Avorio,コートジボワール,코트디부아르,Ivoorkust,Wybrzeże Kości Słoniowej,Costa do Marfim,Кот-д’Ивуар,Elfenbenskusten,Fildişi Sahili,Bờ Biển Ngà,科特迪瓦,Côte d'Ivoire,"Don't use Ivory Coast; With circumflex over ""o""",AFR,36.281967,26.287119,7.628,-5.569,93
94,Admin-0 country,2,Sovereign country,Republic of Serbia,,7111024,13,101800,2017,2011,2016,6. Developing region,3. Upper middle income,RI,RS,SRB,SRB,688,688,YF,SRB,Europe,Europe,Southern Europe,Europe & Central Asia,صربيا,সার্বিয়া,Serbien,Serbia,Serbia,Serbie,Σερβία,सर्बिया,Szerbia,Serbia,Serbia,セルビア,세르비아,Servië,Serbia,Sérvia,Сербия,Serbien,Sırbistan,Serbia,塞尔维亚,Serbia,None,ECA,20.588673,8.7378836,44.221,20.79,94
95,Admin-0 country,2,Sovereign country,Republic of Mali,,17885245,14,38090,2017,2009,2016,7. Least developed region,5. Low income,ML,ML,MLI,MLI,466,466,ML,MLI,Africa,Africa,Western Africa,Sub-Saharan Africa,مالي,মালি,Mali,Mali,Malí,Mali,Μάλι,माली,Mali,Mali,Mali,マリ共和国,말리,Mali,Mali,Mali,Мали,Mali,Mali,Mali,马里共和国,Mali,None,AFR,66.698792,106.68241,17.344,-3.539,95
96,Admin-0 country,2,Sovereign country,Republic of Senegal,,14668522,14,39720,2017,2002,2016,7. Least developed region,4. Lower middle income,SG,SN,SEN,SEN,686,686,SN,SEN,Africa,Africa,Western Africa,Sub-Saharan Africa,السنغال,সেনেগাল,Senegal,Senegal,Senegal,Sénégal,Σενεγάλη,सेनेगल,Szenegál,Senegal,Senegal,セネガル,세네갈,Senegal,Senegal,Senegal,Сенегал,Senegal,Senegal,Sénégal,塞内加尔,Senegal,None,AFR,34.318363,16.445669,14.368,-14.471,96
97,Admin-0 country,2,Sovereign country,Federal Republic of Nigeria,,190632261,17,1089000,2017,2006,2016,5. Emerging region: G20,4. Lower middle income,NI,NG,NGA,NGA,566,566,NG,NGA,Africa,Africa,Western Africa,Sub-Saharan Africa,نيجيريا,নাইজেরিয়া,Nigeria,Nigeria,Nigeria,Nigeria,Νιγηρία,नाईजीरिया,Nigéria,Nigeria,Nigeria,ナイジェリア,나이지리아,Nigeria,Nigeria,Nigéria,Нигерия,Nigeria,Nijerya,Nigeria,奈及利亞,Nigeria,None,AFR,54.80389,74.803062,9.595000000000001,8.090999999999999,97
98,Admin-0 country,2,Sovereign country,Republic of Benin,,11038805,14,24310,2017,2002,2016,7. Least developed region,5. Low income,BN,BJ,BEN,BEN,204,204,BJ,BEN,Africa,Africa,Western Africa,Sub-Saharan Africa,بنين,বেনিন,Benin,Benin,Benín,Bénin,Μπενίν,बेनिन,Benin,Benin,Benin,ベナン,베냉,Benin,Benin,Benim,Бенин,Benin,Benin,Bénin,贝宁,Benin,None,AFR,18.104313,9.5681124,9.641,2.329,98
99,Admin-0 country,2,Sovereign country,People's Republic of Angola,,29310273,15,189000,2017,1970,2016,7. Least developed region,3. Upper middle income,AO,AO,AGO,AGO,024,024,AO,AGO,Africa,Africa,Middle Africa,Sub-Saharan Africa,أنغولا,অ্যাঙ্গোলা,Angola,Angola,Angola,Angola,Ανγκόλα,अंगोला,Angola,Angola,Angola,アンゴラ,앙골라,Angola,Angola,Angola,Ангола,Angola,Angola,Angola,安哥拉,Angola,None,AFR,61.829044,103.58546,-12.292,17.537,99
100,Admin-0 country,2,Sovereign country,Republic of Croatia,,4292095,12,94240,2017,2011,2016,2. Developed region: nonG7,2. High income: nonOECD,HR,HR,HRV,HRV,191,191,HR,HRV,Europe,Europe,Southern Europe,Europe & Central Asia,كرواتيا,ক্রোয়েশিয়া,Kroatien,Croatia,Croacia,Croatie,Κροατία,क्रोएशिया,Horvátország,Kroasia,Croazia,クロアチア,크로아티아,Kroatië,Chorwacja,Croácia,Хорватия,Kroatien,Hırvatistan,Croatia,克罗地亚,Croatia,None,ECA,49.308826,6.2937512,45.068,16.399,100
101,Admin-0 country,2,Sovereign country,Republic of Slovenia,,1972126,12,68350,2017,2011,2016,2. Developed region: nonG7,1. High income: OECD,SI,SI,SVN,SVN,705,705,SI,SVN,Europe,Europe,Southern Europe,Europe & Central Asia,سلوفينيا,স্লোভেনিয়া,Slowenien,Slovenia,Eslovenia,Slovénie,Σλοβενία,स्लोवेनिया,Szlovénia,Slovenia,Slovenia,スロベニア,슬로베니아,Slovenië,Słowenia,Eslovénia,Словения,Slovenien,Slovenya,Slovenia,斯洛文尼亚,Slovenia,None,ECA,10.735145,2.3657959,46.116,14.808,101
102,Admin-0 country,2,Sovereign country,State of Qatar,,2314307,12,334500,2017,2010,2016,6. Developing region,2. High income: nonOECD,QA,QA,QAT,QAT,634,634,QA,QAT,Asia,Asia,Western Asia,Middle East & North Africa,قطر,কাতার,Katar,Qatar,Catar,Qatar,Κατάρ,क़तर,Katar,Qatar,Qatar,カタール,카타르,Qatar,Katar,Catar,Катар,Qatar,Katar,Qatar,卡塔尔,Qatar,None,MENA,5.5611663,.99963224,25.313,51.187,102
103,Admin-0 country,2,Sovereign country,Kingdom of Saudi Arabia,,28571770,15,1731000,2017,2010,2016,2. Developed region: nonG7,2. High income: nonOECD,SA,SA,SAU,SAU,682,682,SA,SAU,Asia,Asia,Western Asia,Middle East & North Africa,المملكة العربية السعودية,সৌদি আরব,Saudi-Arabien,Saudi Arabia,Arabia Saudita,Arabie saoudite,Σαουδική Αραβία,सउदी अरब,Szaúd-Arábia,Arab Saudi,Arabia Saudita,サウジアラビア,사우디아라비아,Saoedi-Arabië,Arabia Saudyjska,Arábia Saudita,Саудовская Аравия,Saudiarabien,Suudi Arabistan,Ả Rập Saudi,沙特阿拉伯,Saudi Arabia,None,MENA,77.736443,171.01576,24.122,44.537,103
104,Admin-0 country,2,Sovereign country,Republic of Botswana,,2214858,12,35900,2017,2011,2016,6. Developing region,3. Upper middle income,BC,BW,BWA,BWA,072,072,BW,BWA,Africa,Africa,Southern Africa,Sub-Saharan Africa,بوتسوانا,বতসোয়ানা,Botswana,Botswana,Botsuana,Botswana,Μποτσουάνα,बोत्सवाना,Botswana,Botswana,Botswana,ボツワナ,보츠와나,Botswana,Botswana,Botsuana,Ботсвана,Botswana,Botsvana,Botswana,波札那,Botswana,None,AFR,35.078678,50.739349,-22.186,23.799,104
105,Admin-0 country,2,Sovereign country,Republic of Zimbabwe,,13805084,14,28330,2017,2002,2016,5. Emerging region: G20,5. Low income,ZI,ZW,ZWE,ZWE,716,716,ZW,ZWE,Africa,Africa,Eastern Africa,Sub-Saharan Africa,زيمبابوي,জিম্বাবুয়ে,Simbabwe,Zimbabwe,Zimbabue,Zimbabwe,Ζιμπάμπουε,ज़िम्बाब्वे,Zimbabwe,Zimbabwe,Zimbabwe,ジンバブエ,짐바브웨,Zimbabwe,Zimbabwe,Zimbábue,Зимбабве,Zimbabwe,Zimbabve,Zimbabwe,辛巴威,Zimbabwe,None,AFR,26.908186,33.418583,-19.003,29.852,105
106,Admin-0 country,2,Sovereign country,Republic of Bulgaria,,7101510,13,143100,2017,2011,2016,2. Developed region: nonG7,3. Upper middle income,BU,BG,BGR,BGR,100,100,BG,BGR,Europe,Europe,Eastern Europe,Europe & Central Asia,بلغاريا,বুলগেরিয়া,Bulgarien,Bulgaria,Bulgaria,Bulgarie,Βουλγαρία,बुल्गारिया,Bulgária,Bulgaria,Bulgaria,ブルガリア,불가리아,Bulgarije,Bułgaria,Bulgária,Болгария,Bulgarien,Bulgaristan,Bulgaria,保加利亚,Bulgaria,None,ECA,21.56978,12.402851,42.769,25.218,106
107,Admin-0 country,2,Sovereign country,Kingdom of Thailand,,68414135,16,1161000,2017,2010,2016,5. Emerging region: G20,3. Upper middle income,TH,TH,THA,THA,764,764,TH,THA,Asia,Asia,South-Eastern Asia,East Asia & Pacific,تايلاند,থাইল্যান্ড,Thailand,Thailand,Tailandia,Thaïlande,Ταϊλάνδη,थाईलैण्ड,Thaiföld,Thailand,Thailandia,タイ王国,태국,Thailand,Tajlandia,Tailândia,Таиланд,Thailand,Tayland,Thái Lan,泰国,Thailand,None,EAP,76.749023,43.323902,15.114,101.003,107
108,Admin-0 country,2,Sovereign country,Republic of San Marino,,33537,7,2023,2017,2010,2016,2. Developed region: nonG7,2. High income: nonOECD,SM,SM,SMR,SMR,674,674,SM,SMR,Europe,Europe,Southern Europe,Europe & Central Asia,سان مارينو,সান মারিনো,San Marino,San Marino,San Marino,Saint-Marin,Άγιος Μαρίνος,सान मारिनो,San Marino,San Marino,San Marino,サンマリノ,산마리노,San Marino,San Marino,San Marino,Сан-Марино,San Marino,San Marino,San Marino,圣马力诺,San Marino,None,Other,.31029239,.0067610471,43.936,12.442,108
109,Admin-0 country,2,Sovereign country,Republic of Haiti,,10646714,14,19340,2017,2003,2016,7. Least developed region,5. Low income,HA,HT,HTI,HTI,332,332,HT,HTI,North America,Americas,Caribbean,Latin America & Caribbean,هايتي,হাইতি,Haiti,Haiti,Haití,Haïti,Αϊτή,हैती,Haiti,Haiti,Haiti,ハイチ,아이티,Haïti,Haiti,Haiti,Республика Гаити,Haiti,Haiti,Haiti,海地,Haiti,None,LCR,16.210867,2.3065701,18.938,-72.691,109
110,Admin-0 country,2,Sovereign country,Dominican Republic,,10734247,14,161900,2017,2010,2016,6. Developing region,3. Upper middle income,DR,DO,DOM,DOM,214,214,DO,DOM,North America,Americas,Caribbean,Latin America & Caribbean,جمهورية الدومينيكان,ডোমিনিকান প্রজাতন্ত্র,Dominikanische Republik,Dominican Republic,República Dominicana,République dominicaine,Δομινικανή Δημοκρατία,डोमिनिकन गणराज्य,Dominikai Köztársaság,Republik Dominika,Repubblica Dominicana,ドミニカ共和国,도미니카 공화국,Dominicaanse Republiek,Dominikana,República Dominicana,Доминиканская Республика,Dominikanska republiken,Dominik Cumhuriyeti,Cộng hòa Dominica,多明尼加,Dominican Republic,None,LCR,14.448885,4.15377,18.896,-70.497,110
111,Admin-0 country,2,Sovereign country,Republic of Chad,,12075985,14,30590,2017,2009,2016,7. Least developed region,5. Low income,CD,TD,TCD,TCD,148,148,TD,TCD,Africa,Africa,Middle Africa,Sub-Saharan Africa,تشاد,চাদ,Tschad,Chad,Chad,Tchad,Τσαντ,चाड,Csád,Chad,Ciad,チャド,차드,Tsjaad,Czad,Chade,Чад,Tchad,Çad,Tchad,乍得,Chad,None,AFR,53.101734,106.80756,15.333,18.646,111
112,Admin-0 country,2,Sovereign country,State of Kuwait,,2875422,12,301100,2017,2010,2016,6. Developing region,2. High income: nonOECD,KU,KW,KWT,KWT,414,414,KW,KWT,Asia,Asia,Western Asia,Middle East & North Africa,الكويت,কুয়েত,Kuwait,Kuwait,Kuwait,Koweït,Κουβέιτ,कुवैत,Kuvait,Kuwait,Kuwait,クウェート,쿠웨이트,Koeweit,Kuwejt,Kuwait,Кувейт,Kuwait,Kuveyt,Kuwait,科威特,Kuwait,None,MENA,8.7998037,1.6232767,29.34,47.595,112
113,Admin-0 country,2,Sovereign country,Republic of El Salvador,,6172011,13,54790,2017,2007,2016,6. Developing region,4. Lower middle income,ES,SV,SLV,SLV,222,222,SV,SLV,North America,Americas,Central America,Latin America & Caribbean,السلفادور,এল সালভাদোর,El Salvador,El Salvador,El Salvador,Salvador,Ελ Σαλβαδόρ,अल साल्वाडोर,El Salvador,El Salvador,El Salvador,エルサルバドル,엘살바도르,El Salvador,Salwador,El Salvador,Сальвадор,El Salvador,El Salvador,El Salvador,萨尔瓦多,El Salvador,None,LCR,8.5578756,1.7164915,13.736,-88.871,113
114,Admin-0 country,2,Sovereign country,Republic of Guatemala,,15460732,14,131800,2017,2002,2016,6. Developing region,4. Lower middle income,GT,GT,GTM,GTM,320,320,GT,GTM,North America,Americas,Central America,Latin America & Caribbean,غواتيمالا,গুয়াতেমালা,Guatemala,Guatemala,Guatemala,Guatemala,Γουατεμάλα,ग्वाटेमाला,Guatemala,Guatemala,Guatemala,グアテマラ,과테말라,Guatemala,Gwatemala,Guatemala,Гватемала,Guatemala,Guatemala,Guatemala,危地马拉,Guatemala,None,LCR,17.747934,9.1748219,15.696,-90.36,114
115,Admin-0 country,2,Sovereign country,Democratic Republic of Timor-Leste,,1291358,12,4975,2017,2010,2016,7. Least developed region,4. Lower middle income,TT,TL,TLS,TLS,626,626,TP,TMP,Asia,Asia,South-Eastern Asia,East Asia & Pacific,تيمور الشرقية,পূর্ব তিমুর,Osttimor,East Timor,Timor Oriental,Timor oriental,Ανατολικό Τιμόρ,पूर्वी तिमोर,Kelet-Timor,Timor Leste,Timor Est,東ティモール,동티모르,Oost-Timor,Timor Wschodni,Timor-Leste,Восточный Тимор,Östtimor,Doğu Timor,Đông Timor,东帝汶,Timor-Leste,Don't use East Timor,EAP,8.2535048,1.2395866,-8.824,125.851,115
116,Admin-0 country,2,Sovereign country,Negara Brunei Darussalam,,443593,10,33730,2017,2001,2016,6. Developing region,2. High income: nonOECD,BX,BN,BRN,BRN,096,096,BN,BRN,Asia,Asia,South-Eastern Asia,East Asia & Pacific,بروناي,ব্রুনাই,Brunei,Brunei,Brunéi,Brunei,Μπρουνέι,ब्रुनेई,Brunei,Brunei Darussalam,Brunei,ブルネイ,브루나이,Brunei,Brunei,Brunei,Бруней,Brunei,Brunei,Brunei,文莱,Brunei Darussalam,None,Other,5.2706027,.46583652,4.517,114.727,116
117,Admin-0 country,2,Sovereign country,Principality of Monaco,,30645,7,7672,2017,2008,2015,2. Developed region: nonG7,2. High income: nonOECD,MN,MC,MCO,MCO,492,492,MC,MCO,Europe,Europe,Western Europe,Europe & Central Asia,موناكو,মোনাকো,Monaco,Monaco,Mónaco,Monaco,Μονακό,मोनैको,Monaco,Monako,Principato di Monaco,モナコ,모나코,Monaco,Monako,Mónaco,Монако,Monaco,Monako,Monaco,摩纳哥,Monaco,None,Other,.18210825,.0021049092,43.74,7.399,117
118,Admin-0 country,2,Sovereign country,People's Democratic Republic of Algeria,,40969443,15,609400,2017,2008,2016,6. Developing region,3. Upper middle income,AG,DZ,DZA,DZA,012,012,DZ,DZA,Africa,Africa,Northern Africa,Middle East & North Africa,الجزائر,আলজেরিয়া,Algerien,Algeria,Argelia,Algérie,Αλγερία,अल्जीरिया,Algéria,Aljazair,Algeria,アルジェリア,알제리,Algerije,Algieria,Argélia,Алжир,Algeriet,Cezayir,Algérie,阿尔及利亚,Algeria,None,MENA,71.641685,212.69093,28.149,2.653,118
119,Admin-0 country,2,Sovereign country,Republic of Mozambique,,26573706,15,35010,2017,2007,2016,7. Least developed region,5. Low income,MZ,MZ,MOZ,MOZ,508,508,MZ,MOZ,Africa,Africa,Eastern Africa,Sub-Saharan Africa,موزمبيق,মোজাম্বিক,Mosambik,Mozambique,Mozambique,Mozambique,Μοζαμβίκη,मोज़ाम्बीक,Mozambik,Mozambik,Mozambico,モザンビーク,모잠비크,Mozambique,Mozambik,Moçambique,Мозамбик,Moçambique,Mozambik,Mozambique,莫桑比克,Mozambique,None,AFR,75.827744,67.159737,-17.27,35.538,119
120,Admin-0 country,2,Sovereign country,Kingdom of eSwatini,,1467152,12,11060,2017,2007,2016,6. Developing region,4. Lower middle income,WZ,SZ,SWZ,SWZ,748,748,SZ,SWZ,Africa,Africa,Southern Africa,Sub-Saharan Africa,سوازيلاند,সোয়াজিল্যান্ড,Swasiland,eSwatini,eSwatini,Swaziland,Σουαζιλάνδη,स्वाज़ीलैण्ड,Szváziföld,Swaziland,Swaziland,スワジランド,스와질란드,Swaziland,Suazi,eSwatini,Свазиленд,Swaziland,Svaziland,Swaziland,斯威士兰,eSwatini,None,AFR,5.0691857,1.5501093,-26.562,31.48,120
121,Admin-0 country,2,Sovereign country,Republic of Burundi,,11466756,14,7892,2017,2008,2016,7. Least developed region,5. Low income,BY,BI,BDI,BDI,108,108,BI,BDI,Africa,Africa,Eastern Africa,Sub-Saharan Africa,بوروندي,বুরুন্ডি,Burundi,Burundi,Burundi,Burundi,Μπουρούντι,बुरुण्डी,Burundi,Burundi,Burundi,ブルンジ,부룬디,Burundi,Burundi,Burundi,Бурунди,Burundi,Burundi,Burundi,蒲隆地,Burundi,None,AFR,8.0816135,2.2006137,-3.357,29.875,121
122,Admin-0 country,2,Sovereign country,Republic of Rwanda,,11901484,14,21970,2017,2002,2016,7. Least developed region,5. Low income,RW,RW,RWA,RWA,646,646,RW,RWA,Africa,Africa,Eastern Africa,Sub-Saharan Africa,رواندا,রুয়ান্ডা,Ruanda,Rwanda,Ruanda,Rwanda,Ρουάντα,रवाण्डा,Ruanda,Rwanda,Ruanda,ルワンダ,르완다,Rwanda,Rwanda,Ruanda,Руанда,Rwanda,Ruanda,Rwanda,卢旺达,Rwanda,None,AFR,7.4145803,2.0570614,-1.993,29.919,122
123,Admin-0 country,2,Sovereign country,Republic of the Union of Myanmar,,55123814,16,311100,2017,1983,2016,7. Least developed region,5. Low income,BM,MM,MMR,MMR,104,104,MM,MMR,Asia,Asia,South-Eastern Asia,East Asia & Pacific,ميانمار,মায়ানমার,Myanmar,Myanmar,Birmania,Birmanie,Μιανμάρ,म्यान्मार,Mianmar,Myanmar,Birmania,ミャンマー,미얀마,Myanmar,Mjanma,Mianmar,Мьянма,Burma,Myanmar,Myanma,缅甸,Myanmar,Don't use Burma,EAP,106.2446,57.784531,21.168,96.489,123
124,Admin-0 country,2,Sovereign country,People's Republic of Bangladesh,,157826578,17,628400,2017,2011,2016,7. Least developed region,5. Low income,BG,BD,BGD,BGD,050,050,BD,BGD,Asia,Asia,Southern Asia,South Asia,بنغلاديش,বাংলাদেশ,Bangladesch,Bangladesh,Bangladés,Bangladesh,Μπανγκλαντές,बांग्लादेश,Banglades,Bangladesh,Bangladesh,バングラデシュ,방글라데시,Bangladesh,Bangladesz,Bangladesh,Бангладеш,Bangladesh,Bangladeş,Bangladesh,孟加拉国,Bangladesh,None,SOA,53.187134,12.136245,23.846,90.242,124
125,Admin-0 country,2,Sovereign country,Principality of Andorra,,85702,8,3327,2017,1989,2015,2. Developed region: nonG7,2. High income: nonOECD,AN,AD,AND,AND,020,020,AD,ADO,Europe,Europe,Southern Europe,Europe & Central Asia,أندورا,অ্যান্ডোরা,Andorra,Andorra,Andorra,Andorre,Ανδόρρα,अण्डोरा,Andorra,Andorra,Andorra,アンドラ,안도라,Andorra,Andora,Andorra,Андорра,Andorra,Andorra,Andorra,安道尔,Andorra,None,Other,1.0579531,.049560733,42.541,1.561,125
126,Admin-0 country,2,Sovereign country,Islamic State of Afghanistan,,34124811,15,64080,2017,1979,2016,7. Least developed region,5. Low income,AF,AF,AFG,AFG,004,004,AF,AFG,Asia,Asia,Southern Asia,South Asia,أفغانستان,আফগানিস্তান,Afghanistan,Afghanistan,Afganistán,Afghanistan,Αφγανιστάν,अफ़्गानिस्तान,Afganisztán,Afganistan,Afghanistan,アフガニスタン,아프가니스탄,Afghanistan,Afganistan,Afeganistão,Афганистан,Afghanistan,Afganistan,Afghanistan,阿富汗,Afghanistan,None,SOA,52.765827,62.591663,33.836,66.008,126
127,Admin-0 country,2,Sovereign country,Montenegro,,642550,11,10610,2017,2011,2016,6. Developing region,3. Upper middle income,MJ,ME,MNE,MNE,499,499,ME,MNE,Europe,Europe,Southern Europe,Europe & Central Asia,الجبل الأسود,মন্টিনিগ্রো,Montenegro,Montenegro,Montenegro,Monténégro,Μαυροβούνιο,मॉन्टेनीग्रो,Montenegró,Montenegro,Montenegro,モンテネグロ,몬테네그로,Montenegro,Czarnogóra,Montenegro,Черногория,Montenegro,Karadağ,Montenegro,蒙特內哥羅,Montenegro,None,ECA,7.9105377,1.5102545,42.786,19.239,127
128,Admin-0 country,2,Sovereign country,Bosnia and Herzegovina,,3856181,12,42530,2017,1991,2016,6. Developing region,3. Upper middle income,BK,BA,BIH,BIH,070,070,BA,BIH,Europe,Europe,Southern Europe,Europe & Central Asia,البوسنة والهرسك,বসনিয়া ও হার্জেগোভিনা,Bosnien und Herzegowina,Bosnia and Herzegovina,Bosnia y Herzegovina,Bosnie-Herzégovine,Βοσνία και Ερζεγοβίνη,बॉस्निया और हर्ज़ेगोविना,Bosznia-Hercegovina,Bosnia dan Herzegovina,Bosnia ed Erzegovina,ボスニア・ヘルツェゴビナ,보스니아 헤르체고비나,Bosnië en Herzegovina,Bośnia i Hercegowina,Bósnia e Herzegovina,Босния и Герцеговина,Bosnien och Hercegovina,Bosna-Hersek,Bosna và Hercegovina,波斯尼亚和黑塞哥维那,Bosnia and Herzegovina,None,ECA,14.191617,5.8324704,44.172,17.773,128
129,Admin-0 country,2,Sovereign country,Republic of Uganda,,39570125,15,84930,2017,2002,2016,7. Least developed region,5. Low income,UG,UG,UGA,UGA,800,800,UG,UGA,Africa,Africa,Eastern Africa,Sub-Saharan Africa,أوغندا,উগান্ডা,Uganda,Uganda,Uganda,Ouganda,Ουγκάντα,युगाण्डा,Uganda,Uganda,Uganda,ウガンダ,우간다,Oeganda,Uganda,Uganda,Уганда,Uganda,Uganda,Uganda,乌干达,Uganda,None,AFR,21.954985,19.658781,1.276,32.367,129
130,Admin-0 country,2,Lease,,,7000,5,280,1999,-99,1999,2. Developed region: nonG7,2. High income: nonOECD,-99,-99,-99,-99,-99,-099,-99,USA,North America,Americas,Caribbean,Latin America & Caribbean,قاعدة غوانتانامو,গুয়ানতানামো বে কারাগার নৌবাহিনী বেস,Guantanamo Bay Naval Base,Guantanamo Bay Naval Base,Base Naval de la Bahía de Guantánamo,base navale de la baie de Guantánamo,Ναυτική Βάση του Κόλπου του Γκουαντάναμο,ग्वांटानैमो खाड़ी नौसेना बेस,guantánamói haditengerészeti támaszpont,Pangkalan Laut Teluk Guantanamo,Base navale di Guantanamo,グァンタナモ米軍基地,관타나모 만 해군 기지,Guantánamo Bay,Naval Station Guantanamo Bay,Base Naval da Baía de Guantánamo,Военная база Гуантанамо,Guantánamobasen,Guantanamo Bay,Căn cứ Hải quân vịnh Guantánamo,,Guantanamo Bay (US),Name in italic,Other,.65774149,.0056387824,19.929,-75.155,130
131,Admin-0 country,2,Sovereign country,Republic of Cuba,,11147407,14,132900,2017,2002,2016,5. Emerging region: G20,3. Upper middle income,CU,CU,CUB,CUB,192,192,CU,CUB,North America,Americas,Caribbean,Latin America & Caribbean,كوبا,কিউবা,Kuba,Cuba,Cuba,Cuba,Κούβα,क्यूबा,Kuba,Kuba,Cuba,キューバ,쿠바,Cuba,Kuba,Cuba,Куба,Kuba,Küba,Cuba,古巴,Cuba,Not part of LCR region,Other,54.162479,9.5907564,21.625,-79.035,131
132,Admin-0 country,2,Sovereign country,Republic of Honduras,,9038741,13,43190,2017,2001,2016,6. Developing region,4. Lower middle income,HO,HN,HND,HND,340,340,HN,HND,North America,Americas,Central America,Latin America & Caribbean,هندوراس,হন্ডুরাস,Honduras,Honduras,Honduras,Honduras,Ονδούρα,हौण्डुरस,Honduras,Honduras,Honduras,ホンジュラス,온두라스,Honduras,Honduras,Honduras,Гондурас,Honduras,Honduras,Honduras,洪都拉斯,Honduras,None,LCR,25.891327,9.4243183,14.821,-86.625,132
133,Admin-0 country,2,Sovereign country,Republic of Ecuador,,16290913,14,182400,2017,2010,2016,6. Developing region,3. Upper middle income,EC,EC,ECU,ECU,218,218,EC,ECU,South America,Americas,South America,Latin America & Caribbean,الإكوادور,ইকুয়েডর,Ecuador,Ecuador,Ecuador,Équateur,Εκουαδόρ,ईक्वाडोर,Ecuador,Ekuador,Ecuador,エクアドル,에콰도르,Ecuador,Ekwador,Equador,Эквадор,Ecuador,Ekvador,Ecuador,厄瓜多尔,Ecuador,None,LCR,39.679455,20.72962,-1.426,-78.77200000000001,133
134,Admin-0 country,2,Sovereign country,Republic of Colombia,,47698524,15,688000,2017,2006,2016,6. Developing region,3. Upper middle income,CO,CO,COL,COL,170,170,CO,COL,South America,Americas,South America,Latin America & Caribbean,كولومبيا,কলম্বিয়া,Kolumbien,Colombia,Colombia,Colombie,Κολομβία,कोलम्बिया,Kolumbia,Kolombia,Colombia,コロンビア,콜롬비아,Colombia,Kolumbia,Colômbia,Колумбия,Colombia,Kolombiya,Colombia,哥伦比亚,Colombia,None,LCR,82.016075,92.576508,3.909,-73.084,134
135,Admin-0 country,2,Sovereign country,Republic of Paraguay,,6943739,13,64670,2017,2002,2016,5. Emerging region: G20,4. Lower middle income,PA,PY,PRY,PRY,600,600,PY,PRY,South America,Americas,South America,Latin America & Caribbean,باراغواي,প্যারাগুয়ে,Paraguay,Paraguay,Paraguay,Paraguay,Παραγουάη,पैराग्वे,Paraguay,Paraguay,Paraguay,パラグアイ,파라과이,Paraguay,Paragwaj,Paraguai,Парагвай,Paraguay,Paraguay,Paraguay,巴拉圭,Paraguay,None,LCR,32.872952,35.303394,-23.228,-58.398,135
136,Admin-0 country,2,Sovereign country,Portuguese Republic,,10839514,14,297100,2017,2011,2016,2. Developed region: nonG7,1. High income: OECD,PO,PT,PRT,PRT,620,620,PT,PRT,Europe,Europe,Southern Europe,Europe & Central Asia,البرتغال,পর্তুগাল,Portugal,Portugal,Portugal,Portugal,Πορτογαλία,पुर्तगाल,Portugália,Portugal,Portogallo,ポルトガル,포르투갈,Portugal,Portugalia,Portugal,Португалия,Portugal,Portekiz,Bồ Đào Nha,葡萄牙,Portugal,None,Other,32.758583,9.5852633,39.587,-8.590999999999999,136
137,Admin-0 country,2,Sovereign country,Republic of Moldova,,3474121,12,18540,2017,2004,2016,6. Developing region,4. Lower middle income,MD,MD,MDA,MDA,498,498,MD,MDA,Europe,Europe,Eastern Europe,Europe & Central Asia,مولدافيا,মলদোভা,Republik Moldau,Moldova,Moldavia,Moldavie,Μολδαβία,मॉल्डोवा,Moldova,Moldova,Moldavia,モルドバ,몰도바,Moldavië,Mołdawia,Moldávia,Молдавия,Moldavien,Moldova,Moldova,摩尔多瓦,Moldova,None,ECA,14.394071,3.9419007,47.195,28.461,137
138,Admin-0 country,2,Sovereign country,Turkmenistan,,5351277,13,94720,2017,1995,2016,6. Developing region,3. Upper middle income,TX,TM,TKM,TKM,795,795,TM,TKM,Asia,Asia,Central Asia,Europe & Central Asia,تركمانستان,তুর্কমেনিস্তান,Turkmenistan,Turkmenistan,Turkmenistán,Turkménistan,Τουρκμενιστάν,तुर्कमेनिस्तान,Türkmenisztán,Turkmenistan,Turkmenistan,トルクメニスタン,투르크메니스탄,Turkmenistan,Turkmenistan,Turquemenistão,Туркмения,Turkmenistan,Türkmenistan,Turkmenistan,土库曼斯坦,Turkmenistan,None,ECA,57.705833,49.059292,39.116,59.376,138
139,Admin-0 country,2,Sovereign country,Hashemite Kingdom of Jordan,,10248069,14,86190,2017,2004,2016,6. Developing region,3. Upper middle income,JO,JO,JOR,JOR,400,400,JO,JOR,Asia,Asia,Western Asia,Middle East & North Africa,الأردن,জর্দান,Jordanien,Jordan,Jordania,Jordanie,Ιορδανία,जॉर्डन,Jordánia,Yordania,Giordania,ヨルダン,요르단,Jordanië,Jordania,Jordânia,Иордания,Jordanien,Ürdün,Jordan,约旦,Jordan,None,MENA,16.529987,8.4150639,31.246,36.771,139
140,Admin-0 country,2,Sovereign country,Nepal,,29384297,15,71520,2017,2001,2016,7. Least developed region,5. Low income,NP,NP,NPL,NPL,524,524,NP,NPL,Asia,Asia,Southern Asia,South Asia,نيبال,নেপাল,Nepal,Nepal,Nepal,Népal,Νεπάλ,नेपाल,Nepál,Nepal,Nepal,ネパール,네팔,Nepal,Nepal,Nepal,Непал,Nepal,Nepal,Nepal,尼泊尔,Nepal,None,SOA,25.112499,13.527846,28.248,83.916,140
141,Admin-0 country,2,Sovereign country,Kingdom of Lesotho,,1958042,12,6019,2017,2006,2016,7. Least developed region,4. Lower middle income,LT,LS,LSO,LSO,426,426,LS,LSO,Africa,Africa,Southern Africa,Sub-Saharan Africa,ليسوتو,লেসোথো,Lesotho,Lesotho,Lesoto,Lesotho,Λεσότο,लेसोथो,Lesotho,Lesotho,Lesotho,レソト,레소토,Lesotho,Lesotho,Lesoto,Лесото,Lesotho,Lesotho,Lesotho,莱索托,Lesotho,None,AFR,7.6108403,2.8033402,-29.58,28.229,141
142,Admin-0 country,2,Sovereign country,Republic of Cameroon,,24994885,15,77240,2017,2005,2016,6. Developing region,4. Lower middle income,CM,CM,CMR,CMR,120,120,CM,CMR,Africa,Africa,Middle Africa,Sub-Saharan Africa,الكاميرون,ক্যামেরুন,Kamerun,Cameroon,Camerún,Cameroun,Καμερούν,कैमरुन,Kamerun,Kamerun,Camerun,カメルーン,카메룬,Kameroen,Kamerun,Camarões,Камерун,Kamerun,Kamerun,Cameroon,喀麦隆,Cameroon,None,AFR,46.005657,37.937572,5.693,12.737,142
143,Admin-0 country,2,Sovereign country,Gabonese Republic,,1772255,12,35980,2017,2003,2016,6. Developing region,3. Upper middle income,GB,GA,GAB,GAB,266,266,GA,GAB,Africa,Africa,Middle Africa,Sub-Saharan Africa,الغابون,গ্যাবন,Gabun,Gabon,Gabón,Gabon,Γκαμπόν,गबॉन,Gabon,Gabon,Gabon,ガボン,가봉,Gabon,Gabon,Gabão,Габон,Gabon,Gabon,Gabon,加蓬,Gabon,None,AFR,37.175861,21.126978,-.592,11.79,143
144,Admin-0 country,2,Sovereign country,Republic of Niger,,19245344,14,20150,2017,2001,2016,7. Least developed region,5. Low income,NG,NE,NER,NER,562,562,NE,NER,Africa,Africa,Western Africa,Sub-Saharan Africa,النيجر,নাইজার,Niger,Niger,Níger,Niger,Νίγηρας,नाइजर,Niger,Niger,Niger,ニジェール,니제르,Niger,Niger,Níger,Нигер,Niger,Nijer,Niger,尼日尔,Niger,None,AFR,51.554485,100.57331,17.418,9.385999999999999,144
145,Admin-0 country,2,Sovereign country,Burkina Faso,,20107509,15,32990,2017,2006,2016,7. Least developed region,5. Low income,UV,BF,BFA,BFA,854,854,BF,BFA,Africa,Africa,Western Africa,Sub-Saharan Africa,بوركينا فاسو,বুর্কিনা ফাসো,Burkina Faso,Burkina Faso,Burkina Faso,Burkina Faso,Μπουρκίνα Φάσο,बुर्किना फासो,Burkina Faso,Burkina Faso,Burkina Faso,ブルキナファソ,부르키나파소,Burkina Faso,Burkina Faso,Burkina Faso,Буркина-Фасо,Burkina Faso,Burkina Faso,Burkina Faso,布吉納法索,Burkina Faso,None,AFR,29.865507,22.669046,12.27,-1.756,145
146,Admin-0 country,2,Sovereign country,Togolese Republic,République Togolaise,7965055,13,11610,2017,2010,2016,7. Least developed region,5. Low income,TO,TG,TGO,TGO,768,768,TG,TGO,Africa,Africa,Western Africa,Sub-Saharan Africa,توغو,টোগো,Togo,Togo,Togo,Togo,Τόγκο,टोगो,Togo,Togo,Togo,トーゴ,토고,Togo,Togo,Togo,Того,Togo,Togo,Togo,多哥,Togo,None,AFR,14.973812,4.6711392,8.526999999999999,.962,146
147,Admin-0 country,2,Sovereign country,Republic of Ghana,,27499924,15,120800,2017,2010,2016,6. Developing region,4. Lower middle income,GH,GH,GHA,GHA,288,288,GH,GHA,Africa,Africa,Western Africa,Sub-Saharan Africa,غانا,ঘানা,Ghana,Ghana,Ghana,Ghana,Γκάνα,घाना,Ghána,Ghana,Ghana,ガーナ,가나,Ghana,Ghana,Gana,Гана,Ghana,Gana,Ghana,迦納,Ghana,None,AFR,23.364525,19.581142,7.954,-1.217,147
148,Admin-0 country,2,Sovereign country,Republic of Guinea-Bissau,,1792338,12,2851,2017,2009,2016,7. Least developed region,5. Low income,PU,GW,GNB,GNB,624,624,GW,GNB,Africa,Africa,Western Africa,Sub-Saharan Africa,غينيا بيساو,গিনি-বিসাউ,Guinea-Bissau,Guinea-Bissau,Guinea-Bisáu,Guinée-Bissau,Γουινέα-Μπισσάου,गिनी-बिसाऊ,Bissau-Guinea,Guinea-Bissau,Guinea-Bissau,ギニアビサウ,기니비사우,Guinee-Bissau,Gwinea Bissau,Guiné-Bissau,Гвинея-Бисау,Guinea-Bissau,Gine-Bissau,Guiné-Bissau,幾內亞比索,Guinea-Bissau,None,AFR,23.740925,2.7253983,12.027,-14.978,148
149,Admin-0 country,2,Dependency,,,29396,7,2044,2017,-99,2014,2. Developed region: nonG7,1. High income: OECD,GI,GI,GIB,GIB,292,292,-99,GIB,Europe,Europe,Southern Europe,Europe & Central Asia,جبل طارق,জিব্রাল্টার,Gibraltar,Gibraltar,Gibraltar,Gibraltar,Γιβραλτάρ,जिब्राल्टर,Gibraltár,Gibraltar,Gibilterra,ジブラルタル,지브롤터,Gibraltar,Gibraltar,Gibraltar,Гибралтар,Gibraltar,Cebelitarık,Gibraltar,直布罗陀,Gibraltar (UK),Name in italic,Other,.085998692,.00036967569,36.129,-5.347,149
150,Admin-0 country,2,Country,United States of America,,326625791,17,18560000,2017,2010,2016,1. Developed region: G7,1. High income: OECD,US,US,USA,USA,840,840,US,USA,North America,Americas,Northern America,North America,الولايات المتحدة,মার্কিন যুক্তরাষ্ট্র,Vereinigte Staaten,United States of America,Estados Unidos,États-Unis,Ηνωμένες Πολιτείες Αμερικής,संयुक्त राज्य अमेरिका,Amerikai Egyesült Államok,Amerika Serikat,Stati Uniti d'America,アメリカ合衆国,미국,Verenigde Staten van Amerika,Stany Zjednoczone,Estados Unidos,Соединённые Штаты Америки,USA,Amerika Birleşik Devletleri,Hoa Kỳ,美国,United States of America,None,Other,948.7243,1116.3618,45.688,-112.496,150
151,Admin-0 country,2,Sovereign country,Canada,,35623680,15,1674000,2017,2011,2016,1. Developed region: G7,1. High income: OECD,CA,CA,CAN,CAN,124,124,CA,CAN,North America,Americas,Northern America,North America,كندا,কানাডা,Kanada,Canada,Canadá,Canada,Καναδάς,कनाडा,Kanada,Kanada,Canada,カナダ,캐나다,Canada,Kanada,Canadá,Канада,Kanada,Kanada,Canada,加拿大,Canada,None,Other,2573.7124,1691.869,61.376,-98.294,151
152,Admin-0 country,2,Sovereign country,United Mexican States,,124574795,17,2307000,2017,2010,2016,4. Emerging region: MIKT,3. Upper middle income,MX,MX,MEX,MEX,484,484,MX,MEX,North America,Americas,Central America,Latin America & Caribbean,المكسيك,মেক্সিকো,Mexiko,Mexico,México,Mexique,Μεξικό,मेक्सिको,Mexikó,Meksiko,Messico,メキシコ,멕시코,Mexico,Meksyk,México,Мексика,Mexiko,Meksika,México,墨西哥,Mexico,None,LCR,182.06621,174.20203,23.949,-102.53,152
153,Admin-0 country,2,Sovereign country,Belize,,360346,10,3088,2017,2010,2016,6. Developing region,4. Lower middle income,BH,BZ,BLZ,BLZ,084,084,BZ,BLZ,North America,Americas,Central America,Latin America & Caribbean,بليز,বেলিজ,Belize,Belize,Belice,Belize,Μπελίζε,बेलीज़,Belize,Belize,Belize,ベリーズ,벨리즈,Belize,Belize,Belize,Белиз,Belize,Belize,Belize,伯利兹,Belize,None,LCR,10.856288,1.8944143,17.208,-88.694,153
154,Admin-0 country,2,Sovereign country,Republic of Panama,,3753142,12,93120,2017,2010,2016,6. Developing region,3. Upper middle income,PM,PA,PAN,PAN,591,591,PA,PAN,North America,Americas,Central America,Latin America & Caribbean,بنما,পানামা,Panama,Panama,Panamá,Panama,Παναμάς,पनामा,Panama,Panama,Panama,パナマ,파나마,Panama,Panama,Panamá,Панама,Panama,Panama,Panama,巴拿马,Panama,None,LCR,35.6404,6.1208706,8.515000000000001,-80.121,154
155,Admin-0 country,2,Sovereign country,Bolivarian Republic of Venezuela,República Bolivariana de Venezuela,31304016,15,468600,2017,2001,2016,5. Emerging region: G20,3. Upper middle income,VE,VE,VEN,VEN,862,862,VE,VEN,South America,Americas,South America,Latin America & Caribbean,فنزويلا,ভেনেজুয়েলা,Venezuela,Venezuela,Venezuela,Venezuela,Βενεζουέλα,वेनेज़ुएला,Venezuela,Venezuela,Venezuela,ベネズエラ,베네수엘라,Venezuela,Wenezuela,Venezuela,Венесуэла,Venezuela,Venezuela,Venezuela,委內瑞拉,"Venezuela, Republica Bolivariana de","Always have ""R.B. de"" before ""Venezuela""",LCR,88.93541,74.77874,7.128,-66.169,155
156,Admin-0 country,2,Sovereign country,Independent State of Papua New Guinea,,6909701,13,28020,2017,2000,2016,6. Developing region,4. Lower middle income,PP,PG,PNG,PNG,598,598,PG,PNG,Oceania,Oceania,Melanesia,East Asia & Pacific,بابوا غينيا الجديدة,পাপুয়া নিউগিনি,Papua-Neuguinea,Papua New Guinea,Papúa Nueva Guinea,Papouasie-Nouvelle-Guinée,Παπούα Νέα Γουινέα,पापुआ न्यू गिनी,Pápua Új-Guinea,Papua Nugini,Papua Nuova Guinea,パプアニューギニア,파푸아뉴기니,Papoea-Nieuw-Guinea,Papua-Nowa Gwinea,Papua-Nova Guiné,Папуа-Новая Гвинея,Papua Nya Guinea,Papua Yeni Gine,Papua New Guinea,巴布亚新几内亚,Papua New Guinea,None,EAP,108.30826,38.043667,-6.47,145.232,156
157,Admin-0 country,2,Sovereign country,Arab Republic of Egypt,,97041072,16,1105000,2017,2006,2016,5. Emerging region: G20,4. Lower middle income,EG,EG,EGY,EGY,818,818,EG,EGY,Africa,Africa,Northern Africa,Middle East & North Africa,مصر,মিশর,Ägypten,Egypt,Egipto,Égypte,Αίγυπτος,मिस्र,Egyiptom,Mesir,Egitto,エジプト,이집트,Egypte,Egipt,Egito,Египет,Egypten,Mısır,Ai Cập,埃及,"Egypt, Arab Republic of","Always have ""Arab Republic of"" before ""Egypt""",MENA,61.159286,90.731926,26.493,29.861,157
158,Admin-0 country,2,Sovereign country,Republic of Yemen,,28036829,15,73450,2017,2004,2016,7. Least developed region,4. Lower middle income,YM,YE,YEM,YEM,887,887,RY,YEM,Asia,Asia,Western Asia,Middle East & North Africa,اليمن,ইয়েমেন,Jemen,Yemen,Yemen,Yémen,Υεμένη,यमन,Jemen,Yaman,Yemen,イエメン,예멘,Jemen,Jemen,Iémen,Йемен,Jemen,Yemen,Yemen,也门,"Yemen, Republic of","Always have ""Republic of"" before ""Yemen""",MENA,37.30542,38.2467,15.905,47.591,158
159,Admin-0 country,2,Sovereign country,Islamic Republic of Mauritania,,3758571,12,16710,2017,2000,2016,7. Least developed region,5. Low income,MR,MR,MRT,MRT,478,478,MR,MRT,Africa,Africa,Western Africa,Sub-Saharan Africa,موريتانيا,মৌরিতানিয়া,Mauretanien,Mauritania,Mauritania,Mauritanie,Μαυριτανία,मॉरीतानिया,Mauritánia,Mauritania,Mauritania,モーリタニア,모리타니,Mauritanië,Mauretania,Mauritânia,Мавритания,Mauretanien,Moritanya,Mauritanie,毛里塔尼亚,Mauritania,None,AFR,54.857243,89.721893,20.256,-10.343,159
160,Admin-0 country,2,Sovereign country,Republic of Equatorial Guinea,,778358,11,31770,2017,2002,2016,7. Least developed region,2. High income: nonOECD,EK,GQ,GNQ,GNQ,226,226,GQ,GNQ,Africa,Africa,Middle Africa,Sub-Saharan Africa,غينيا الاستوائية,বিষুবীয় গিনি,Äquatorialguinea,Equatorial Guinea,Guinea Ecuatorial,Guinée équatoriale,Ισημερινή Γουινέα,भूमध्यरेखीय गिनी,Egyenlítői-Guinea,Guinea Khatulistiwa,Guinea Equatoriale,赤道ギニア,적도 기니,Equatoriaal-Guinea,Gwinea Równikowa,Guiné Equatorial,Экваториальная Гвинея,Ekvatorialguinea,Ekvator Ginesi,Guinea Xích Đạo,赤道几内亚,Equatorial Guinea,None,AFR,8.8569212,2.1678829,1.707,10.333,160
161,Admin-0 country,2,Sovereign country,Republic of the Gambia,,2051363,12,3387,2017,2003,2016,7. Least developed region,5. Low income,GA,GM,GMB,GMB,270,270,GM,GMB,Africa,Africa,Western Africa,Sub-Saharan Africa,غامبيا,গাম্বিয়া,Gambia,The Gambia,Gambia,Gambie,Γκάμπια,गाम्बिया,Gambia,Gambia,Gambia,ガンビア,감비아,Gambia,Gambia,Gâmbia,Гамбия,Gambia,Gambiya,Gambia,冈比亚,"Gambia, The","Always have ""The"" before ""Gambia""",AFR,11.2694,.87654179,13.45,-15.398,161
162,Admin-0 country,2,Country,"Hong Kong Special Administrative Region, PRC",,7191503,13,427400,2017,2006,2016,6. Developing region,2. High income: nonOECD,HK,HK,HKG,HKG,344,344,HK,HKG,Asia,Asia,Eastern Asia,East Asia & Pacific,هونغ كونغ,হংকং,Hongkong,Hong Kong,Hong Kong,Hong Kong,Χονγκ Κονγκ,हांगकांग,Hongkong,Hong Kong,Hong Kong,香港,홍콩,Hongkong,Hongkong,Hong Kong,Гонконг,Hongkong,Hong Kong,Hồng Kông,香港,"Hong Kong (SAR, China)",Name it as a regular Chinese province,EAP,4.2549734,.090865783,22.385,114.131,162
163,Admin-0 country,2,Sovereign country,State of the Vatican City,,1000,3,0,2015,-99,0,2. Developed region: nonG7,2. High income: nonOECD,VT,VA,VAT,VAT,336,336,-99,VAT,Europe,Europe,Southern Europe,Europe & Central Asia,الفاتيكان,ভ্যাটিকান সিটি,Vatikanstadt,Vatican City,Ciudad del Vaticano,Vatican,Βατικανό,वैटिकन नगर,Vatikán,Vatikan,Città del Vaticano,バチカン,바티칸 시국,Vaticaanstad,Watykan,Vaticano,Ватикан,Vatikanstaten,Vatikan,Thành Vatican,梵蒂冈,Vatican City,None,Other,.0044314954,1.3241601e-06,41.903,12.453,163
164,Admin-0 country,2,Country,Commonwealth of Australia,,23232413,15,1189000,2017,2006,2016,2. Developed region: nonG7,1. High income: OECD,AS,AU,AUS,AUS,036,036,AU,AUS,Oceania,Oceania,Australia and New Zealand,East Asia & Pacific,أستراليا,অস্ট্রেলিয়া,Australien,Australia,Australia,Australie,Αυστραλία,ऑस्ट्रेलिया,Ausztrália,Australia,Australia,オーストラリア,오스트레일리아,Australië,Australia,Austrália,Австралия,Australien,Avustralya,Úc,澳大利亚,Australia,None,Other,322.96729,695.9093,-25.732,134.491,164
165,Admin-0 country,2,Country,Greenland,,57713,8,2173,2017,2010,2015,2. Developed region: nonG7,2. High income: nonOECD,GL,GL,GRL,GRL,304,304,GL,GRL,North America,Americas,Northern America,Europe & Central Asia,جرينلاند,গ্রিনল্যান্ড,Grönland,Greenland,Groenlandia,Groenland,Γροιλανδία,ग्रीनलैण्ड,Grönland,Greenland,Groenlandia,グリーンランド,그린란드,Groenland,Grenlandia,Gronelândia,Гренландия,Grönland,Grönland,Greenland,格陵兰,Greenland (Den.),Name in italic,Other,1003.5362,659.87744,74.736,-41.346,165
166,Admin-0 country,2,Sovereign country,Republic of Fiji,,920938,11,8374,2017,2007,2016,6. Developing region,4. Lower middle income,FJ,FJ,FJI,FJI,242,242,FJ,FJI,Oceania,Oceania,Melanesia,East Asia & Pacific,فيجي,ফিজি,Fidschi,Fiji,Fiyi,Fidji,Φίτζι,फ़िजी,Fidzsi-szigetek,Fiji,Figi,フィジー,피지,Fiji,Fidżi,Fiji,Фиджи,Fiji,Fiji,Fiji,斐濟,Fiji,None,EAP,24.082754,1.6102502,-17.448,163.408,166
167,Admin-0 country,2,Dependency,New Caledonia,Nouvelle-Calédonie,279070,10,10770,2017,2009,2016,6. Developing region,2. High income: nonOECD,NC,NC,NCL,NCL,540,540,NC,NCL,Oceania,Oceania,Melanesia,East Asia & Pacific,كاليدونيا الجديدة,নিউ ক্যালিডোনিয়া,Neukaledonien,New Caledonia,Nueva Caledonia,Nouvelle-Calédonie,Νέα Καληδονία,नया कैलेडोनिया,Új-Kaledónia,Kaledonia Baru,Nuova Caledonia,ニューカレドニア,누벨칼레도니,Nieuw-Caledonië,Nowa Kaledonia,Nova Caledónia,Новая Каледония,Nya Kaledonien,Yeni Kaledonya,Nouvelle-Calédonie,新喀里多尼亞,New Caledonia (Fr.),Name in italic,Other,17.616911,1.6401141,-21.304,165.703,167
168,Admin-0 country,2,Sovereign country,Republic of Madagascar,,25054161,15,36860,2017,1993,2016,7. Least developed region,5. Low income,MA,MG,MDG,MDG,450,450,MG,MDG,Africa,Africa,Eastern Africa,Sub-Saharan Africa,مدغشقر,মাদাগাস্কার,Madagaskar,Madagascar,Madagascar,Madagascar,Μαδαγασκάρη,मेडागास्कर,Madagaszkár,Madagaskar,Madagascar,マダガスカル,마다가스카르,Madagaskar,Madagaskar,Madagáscar,Мадагаскар,Madagaskar,Madagaskar,Madagascar,马达加斯加,Madagascar,None,AFR,49.830433,51.069683,-19.373,46.706,168
169,Admin-0 country,2,Sovereign country,Republic of the Philippines,,104256076,17,801900,2017,2010,2016,5. Emerging region: G20,4. Lower middle income,RP,PH,PHL,PHL,608,608,PH,PHL,Asia,Asia,South-Eastern Asia,East Asia & Pacific,الفلبين,ফিলিপাইন,Philippinen,Philippines,Filipinas,Philippines,Φιλιππίνες,फ़िलीपीन्स,Fülöp-szigetek,Filipina,Filippine,フィリピン,필리핀,Filipijnen,Filipiny,Filipinas,Филиппины,Filippinerna,Filipinler,Philippines,菲律宾,Philippines,None,EAP,157.2229,24.371222,11.763,122.874,169
170,Admin-0 country,2,Sovereign country,Democratic Socialist Republic of Sri Lanka,,22409381,15,236700,2017,2001,2016,6. Developing region,4. Lower middle income,CE,LK,LKA,LKA,144,144,LK,LKA,Asia,Asia,Southern Asia,South Asia,سريلانكا,শ্রীলঙ্কা,Sri Lanka,Sri Lanka,Sri Lanka,Sri Lanka,Σρι Λάνκα,श्रीलंका,Srí Lanka,Sri Lanka,Sri Lanka,スリランカ,스리랑카,Sri Lanka,Sri Lanka,Sri Lanka,Шри-Ланка,Sri Lanka,Sri Lanka,Sri Lanka,斯里蘭卡,Sri Lanka,None,SOA,17.956903,5.4328732,7.616,80.703,170
171,Admin-0 country,2,Country,Curaçao,,149648,9,3128,2017,-99,2012,6. Developing region,2. High income: nonOECD,NT,CW,CUW,CUW,531,531,CW,CUW,North America,Americas,Caribbean,Latin America & Caribbean,كوراساو,কিউরাসাও,Curaçao,Curaçao,Curazao,Curaçao,Κουρασάο,कुराकाओ,Curaçao,Curaçao,Curaçao,キュラソー島,퀴라소,Curaçao,Curaçao,Curaçao,Кюрасао,Curaçao,Curaçao,Curaçao,库拉索,Curaçao (Neth.),Name in italic,Other,1.2070401,.038479991,12.194,-68.971,171
172,Admin-0 country,2,Country,Aruba,,115120,9,2516,2017,2010,2009,6. Developing region,2. High income: nonOECD,AA,AW,ABW,ABW,533,533,AW,ABW,North America,Americas,Caribbean,Latin America & Caribbean,أروبا,আরুবা,Aruba,Aruba,Aruba,Aruba,Αρούμπα,अरूबा,Aruba,Aruba,Aruba,アルバ,아루바,Aruba,Aruba,Aruba,Аруба,Aruba,Aruba,Aruba,阿魯巴,Aruba (Neth.),Name in italic,Other,.65236712,.014118879,12.517,-69.974,172
173,Admin-0 country,2,Sovereign country,Commonwealth of the Bahamas,,329988,10,9066,2017,2010,2016,6. Developing region,2. High income: nonOECD,BF,BS,BHS,BHS,044,044,BS,BHS,North America,Americas,Caribbean,Latin America & Caribbean,باهاماس,বাহামা দ্বীপপুঞ্জ,Bahamas,The Bahamas,Bahamas,Bahamas,Μπαχάμες,बहामास,Bahama-szigetek,Bahama,Bahama,バハマ,바하마,Bahama's,Bahamy,Bahamas,Багамские Острова,Bahamas,Bahamalar,Bahamas,巴哈马,"Bahamas, The",None,LCR,35.73682,1.1197495,24.223,-76.551,173
174,Admin-0 country,2,Dependency,Turks and Caicos Islands,,52570,8,632,2017,2001,2007,6. Developing region,2. High income: nonOECD,TK,TC,TCA,TCA,796,796,TC,TCA,North America,Americas,Caribbean,Latin America & Caribbean,جزر توركس وكايكوس,টার্কস্‌ ও কেইকোস দ্বীপপুঞ্জ,Turks- und Caicosinseln,Turks and Caicos Islands,Islas Turcas y Caicos,îles Turques-et-Caïques,Τερκ και Κάικος,तुर्क और केकोस द्वीपसमूह,Turks- és Caicos-szigetek,Kepulauan Turks dan Caicos,Turks e Caicos,タークス・カイコス諸島,터크스 케이커스 제도,Turks- en Caicoseilanden,Turks i Caicos,Turks e Caicos,Тёркс и Кайкос,Turks- och Caicosöarna,Turks ve Caicos Adaları,Quần đảo Turks và Caicos,特克斯和凯科斯群岛,Turks and Caicos Islands (UK),Name in italic,Other,3.4562247,.038878359,21.78,-71.87300000000001,174
175,Admin-0 country,2,Sovereign country,Japan,,126451398,17,4932000,2017,2010,2016,1. Developed region: G7,1. High income: OECD,JA,JP,JPN,JPN,392,392,JP,JPN,Asia,Asia,Eastern Asia,East Asia & Pacific,اليابان,জাপান,Japan,Japan,Japón,Japon,Ιαπωνία,जापान,Japán,Jepang,Giappone,日本,일본,Japan,Japonia,Japão,Япония,Japan,Japonya,Nhật Bản,日本,Japan,None,Other,155.114,38.171383,37.551,137.978,175
176,Admin-0 country,2,Dependency,Saint Pierre and Miquelon,,5533,5,215.3,2017,-99,2016,2. Developed region: nonG7,3. Upper middle income,SB,PM,SPM,SPM,666,666,-99,SPM,North America,Americas,Northern America,North America,سان بيير وميكلون,সাঁ পিয়ের ও মিক‌লোঁ,Saint-Pierre und Miquelon,Saint Pierre and Miquelon,San Pedro y Miquelón,Saint-Pierre-et-Miquelon,Σαιν Πιερ και Μικελόν,साँ-प्येर और मीकेलों,Saint-Pierre és Miquelon,Saint Pierre dan Miquelon,Saint-Pierre e Miquelon,サンピエール島・ミクロン島,생피에르 미클롱,Saint-Pierre en Miquelon,Saint-Pierre i Miquelon,Saint-Pierre e Miquelon,Сен-Пьер и Микелон,Saint-Pierre och Miquelon,Saint Pierre ve Miquelon,Saint-Pierre và Miquelon,圣皮埃尔和密克隆群岛,Saint-Pierre-et-Miquelon (Fr.),Name in italic,Other,1.4406388,.02867437,46.93,-56.308,176
177,Admin-0 country,2,Sovereign country,Republic of Iceland,,339747,10,16150,2017,-99,2016,2. Developed region: nonG7,1. High income: OECD,IC,IS,ISL,ISL,352,352,IS,ISL,Europe,Europe,Northern Europe,Europe & Central Asia,آيسلندا,আইসল্যান্ড,Island,Iceland,Islandia,Islande,Ισλανδία,आइसलैण्ड,Izland,Islandia,Islanda,アイスランド,아이슬란드,IJsland,Islandia,Islândia,Исландия,Island,İzlanda,Iceland,冰岛,Iceland,None,Other,83.050583,19.467232,64.99800000000001,-18.596,177
178,Admin-0 country,2,Dependency,"Pitcairn, Henderson, Ducie and Oeno Islands",,54,1,0,2016,-99,2016,7. Least developed region,5. Low income,PC,PN,PCN,PCN,612,612,-99,PCN,Oceania,Oceania,Polynesia,East Asia & Pacific,جزر بيتكيرن,পীটকেয়ার্ন দ্বীপপুঞ্জ,Pitcairninseln,Pitcairn Islands,Islas Pitcairn,Îles Pitcairn,Νήσοι Πίτκερν,पिटकेम द्वीप समूह,Pitcairn-szigetek,Kepulauan Pitcairn,Isole Pitcairn,ピトケアン諸島,핏케언 제도,Pitcairneilanden,Pitcairn,Ilhas Pitcairn,Острова Питкэрн,Pitcairnöarna,Pitcairn Adaları,Quần đảo Pitcairn,皮特凯恩群岛,Pitcairn Islands (UK),Name in italic,Other,.39031789,.0037893089,-24.413,-128.479,178
179,Admin-0 country,2,Dependency,French Polynesia,,287881,10,5490,2017,2007,2016,6. Developing region,2. High income: nonOECD,FP,PF,PYF,PYF,258,258,PF,PYF,Oceania,Oceania,Polynesia,East Asia & Pacific,بولينزيا الفرنسية,ফরাসি পলিনেশিয়া,Französisch-Polynesien,French Polynesia,Polinesia Francesa,Polynésie française,Γαλλική Πολυνησία,फ़्रान्सीसी पॉलिनेशिया,Francia Polinézia,Polinesia Perancis,Polinesia Francese,フランス領ポリネシア,프랑스령 폴리네시아,Frans-Polynesië,Polinezja Francuska,Polinésia Francesa,Французская Полинезия,Franska Polynesien,Fransız Polinezyası,Polynésie thuộc Pháp,法屬玻里尼西亞,French Polynesia (Fr.),Name in italic,Other,20.217365,.28139216,-15.189,-145.052,179
180,Admin-0 country,2,Dependency,Territory of the French Southern and Antarctic Lands,,140,1,16,2017,-99,2016,6. Developing region,2. High income: nonOECD,FS,TF,ATF,ATF,260,-099,-99,ATF,Seven seas (open ocean),Seven seas (open ocean),Seven seas (open ocean),Sub-Saharan Africa,أراض فرنسية جنوبية وأنتارتيكية,,Französische Süd- und Antarktisgebiete,French Southern and Antarctic Lands,Tierras Australes y Antárticas Francesas,Terres australes et antarctiques françaises,Γαλλικά Νότια και Ανταρκτικά Εδάφη,दक्षिण फ्रांसीसी और अंटार्कटिक लैंड,Francia déli és antarktiszi területek,Daratan Selatan dan Antarktika Perancis,Terre australi e antartiche francesi,フランス領南方・南極地域,프랑스령 남방 및 남극,Franse Zuidelijke en Antarctische Gebieden,Francuskie Terytoria Południowe i Antarktyczne,Terras Austrais e Antárticas Francesas,Французские Южные и Антарктические территории,Franska sydterritorierna,Fransız Güney ve Antarktika Toprakları,Vùng đất phía Nam và châu Nam Cực thuộc Pháp,法属南部领地,French Southern and Antarctic Lands (Fr.),Name in italic,Other,17.940159,.89628637,-49.065,68.992,180
181,Admin-0 country,2,Sovereign country,Republic of Seychelles,,93920,8,2608,2017,2010,2016,6. Developing region,3. Upper middle income,SE,SC,SYC,SYC,690,690,SC,SYC,Seven seas (open ocean),Africa,Eastern Africa,Sub-Saharan Africa,سيشل,সেশেল,Seychellen,Seychelles,Seychelles,Seychelles,Σεϋχέλλες,सेशेल्स,Seychelle-szigetek,Seychelles,Seychelles,セーシェル,세이셸,Seychellen,Seszele,Seychelles,Сейшельские Острова,Seychellerna,Seyşeller,Seychelles,塞舌尔,Seychelles,None,AFR,3.5336525,.035644796,-6.49,52.062,181
182,Admin-0 country,2,Sovereign country,Republic of Kiribati,,108145,9,211,2017,2005,2016,7. Least developed region,4. Lower middle income,KR,KI,KIR,KIR,296,296,KI,KIR,Oceania,Oceania,Micronesia,East Asia & Pacific,كيريباتي,কিরিবাস,Kiribati,Kiribati,Kiribati,Kiribati,Κιριμπάτι,किरिबाती,Kiribati,Kiribati,Kiribati,キリバス,키리바시,Kiribati,Kiribati,Kiribati,Кирибати,Kiribati,Kiribati,Kiribati,吉里巴斯,Kiribati,None,EAP,10.488557,.077267699,.615,-51.525,182
183,Admin-0 country,2,Sovereign country,Republic of the Marshall Islands,,74539,8,180,2017,2011,2016,6. Developing region,4. Lower middle income,RM,MH,MHL,MHL,584,584,MH,MHL,Oceania,Oceania,Micronesia,East Asia & Pacific,جزر مارشال,মার্শাল দ্বীপপুঞ্জ,Marshallinseln,Marshall Islands,Islas Marshall,îles Marshall,Νησιά Μάρσαλ,मार्शल द्वीपसमूह,Marshall-szigetek,Kepulauan Marshall,Isole Marshall,マーシャル諸島,마셜 제도,Marshalleilanden,Wyspy Marshalla,Ilhas Marshall,Маршалловы Острова,Marshallöarna,Marshall Adaları,Quần đảo Marshall,馬紹爾群島,Marshall Islands,None,EAP,3.67487,.013495535,7.114,170.1,183
184,Admin-0 country,2,Sovereign country,Republic of Trinidad and Tobago,,1218208,12,43570,2017,2011,2016,6. Developing region,2. High income: nonOECD,TD,TT,TTO,TTO,780,780,TT,TTO,North America,Americas,Caribbean,Latin America & Caribbean,ترينيداد وتوباغو,ত্রিনিদাদ ও টোবাগো,Trinidad und Tobago,Trinidad and Tobago,Trinidad y Tobago,Trinité-et-Tobago,Τρινιντάντ και Τομπάγκο,त्रिनिदाद और टोबैगो,Trinidad és Tobago,Trinidad dan Tobago,Trinidad e Tobago,トリニダード・トバゴ,트리니다드 토바고,Trinidad en Tobago,Trynidad i Tobago,Trinidad e Tobago,Тринидад и Тобаго,Trinidad och Tobago,Trinidad ve Tobago,Trinidad và Tobago,千里達及托巴哥,Trinidad and Tobago,None,LCR,4.6625381,.42305392,10.469,-61.258,184
185,Admin-0 country,2,Sovereign country,Grenada,,111724,9,1511,2017,2011,2016,6. Developing region,3. Upper middle income,GJ,GD,GRD,GRD,308,308,GD,GRD,North America,Americas,Caribbean,Latin America & Caribbean,غرينادا,গ্রেনাডা,Grenada,Grenada,Granada,Grenade,Γρενάδα,ग्रेनाडा,Grenada,Grenada,Grenada,グレナダ,그레나다,Grenada,Grenada,Granada,Гренада,Grenada,Grenada,Grenada,格林纳达,Grenada,None,LCR,1.0376924,.02884146,12.153,-61.657,185
186,Admin-0 country,2,Sovereign country,Saint Vincent and the Grenadines,,102089,9,1241,2017,2011,2016,6. Developing region,3. Upper middle income,VC,VC,VCT,VCT,670,670,VC,VCT,North America,Americas,Caribbean,Latin America & Caribbean,سانت فينسنت والغرينادين,সেন্ট ভিনসেন্ট ও গ্রেনাডাইন দ্বীপপুঞ্জ,St. Vincent und die Grenadinen,Saint Vincent and the Grenadines,San Vicente y las Granadinas,Saint-Vincent-et-les-Grenadines,Άγιος Βικέντιος και Γρεναδίνες,सन्त विन्सेण्ट और ग्रेनाडाइन्स,Saint Vincent és a Grenadine-szigetek,Saint Vincent dan Grenadines,Saint Vincent e Grenadine,セントビンセント・グレナディーン,세인트빈센트 그레나딘,Saint Vincent en de Grenadines,Saint Vincent i Grenadyny,São Vicente e Granadinas,Сент-Винсент и Гренадины,Saint Vincent och Grenadinerna,Saint Vincent ve Grenadinler,Saint Vincent và Grenadines,圣文森特和格林纳丁斯,Saint Vincent and the Grenadines,None,LCR,1.2285244,.030665912,13.216,-61.203,186
187,Admin-0 country,2,Sovereign country,Barbados,,292336,10,4804,2017,2010,2016,6. Developing region,2. High income: nonOECD,BB,BB,BRB,BRB,052,052,BB,BRB,North America,Americas,Caribbean,Latin America & Caribbean,باربادوس,বার্বাডোস,Barbados,Barbados,Barbados,Barbade,Μπαρμπάντος,बारबाडोस,Barbados,Barbados,Barbados,バルバドス,바베이도스,Barbados,Barbados,Barbados,Барбадос,Barbados,Barbados,Barbados,巴巴多斯,Barbados,None,LCR,.81765068,.037039775,13.181,-59.561,187
188,Admin-0 country,2,Sovereign country,Saint Lucia,,164994,9,2083,2017,2010,2016,6. Developing region,3. Upper middle income,ST,LC,LCA,LCA,662,662,LC,LCA,North America,Americas,Caribbean,Latin America & Caribbean,سانت لوسيا,সেন্ট লুসিয়া,St. Lucia,Saint Lucia,Santa Lucía,Sainte-Lucie,Αγία Λουκία,सेंट लूसिया,Saint Lucia,Saint Lucia,Saint Lucia,セントルシア,세인트루시아,Saint Lucia,Saint Lucia,Santa Lúcia,Сент-Люсия,Saint Lucia,Saint Lucia,Saint Lucia,圣卢西亚,Saint Lucia,None,LCR,.96961862,.050606094,13.903,-60.97,188
189,Admin-0 country,2,Sovereign country,Commonwealth of Dominica,,73897,8,812,2017,2011,2016,6. Developing region,3. Upper middle income,DO,DM,DMA,DMA,212,212,DM,DMA,North America,Americas,Caribbean,Latin America & Caribbean,دومينيكا,ডোমিনিকা,Dominica,Dominica,Dominica,Dominique,Δομινίκα,डोमिनिका,Dominikai Közösség,Dominika,Dominica,ドミニカ国,도미니카 연방,Dominica,Dominika,Dominica,Доминика,Dominica,Dominika,Dominica,多米尼克,Dominica,None,LCR,1.1655217,.061493319,15.436,-61.357,189
190,Admin-0 country,2,Dependency,,,5292,5,43.799999,2017,-99,2006,6. Developing region,4. Lower middle income,MH,MS,MSR,MSR,500,500,-99,MSR,North America,Americas,Caribbean,Latin America & Caribbean,مونتسرات,মন্টসেরাট,Montserrat,Montserrat,Montserrat,Montserrat,Μοντσερράτ,मॉण्टसेराट,Montserrat,Montserrat,Montserrat,モントセラト,몬트세랫,Montserrat,Montserrat,Montserrat,Монтсеррат,Montserrat,Montserrat,Montserrat,蒙塞拉特島,Montserrat (UK),Name in italic,Other,.38494712,.0084399609,16.738,-62.187,190
191,Admin-0 country,2,Sovereign country,Antigua and Barbuda,,94731,8,2171,2017,2011,2016,6. Developing region,3. Upper middle income,AC,AG,ATG,ATG,028,028,AG,ATG,North America,Americas,Caribbean,Latin America & Caribbean,أنتيغوا وباربودا,অ্যান্টিগুয়া ও বার্বুডা,Antigua und Barbuda,Antigua and Barbuda,Antigua y Barbuda,Antigua-et-Barbuda,Αντίγκουα και Μπαρμπούντα,अण्टीगुआ और बारबूडा,Antigua és Barbuda,Antigua dan Barbuda,Antigua e Barbuda,アンティグア・バーブーダ,앤티가 바부다,Antigua en Barbuda,Antigua i Barbuda,Antígua e Barbuda,Антигуа и Барбуда,Antigua och Barbuda,Antigua ve Barbuda,Antigua và Barbuda,安提瓜和巴布达,Antigua and Barbuda,None,LCR,1.6399746,.038368396,17.284,-61.792,191
192,Admin-0 country,2,Sovereign country,Federation of Saint Kitts and Nevis,,52715,8,1427,2017,2011,2016,6. Developing region,2. High income: nonOECD,SC,KN,KNA,KNA,659,659,KN,KNA,North America,Americas,Caribbean,Latin America & Caribbean,سانت كيتس ونيفيس,সেন্ট কিট্‌স ও নেভিস,St. Kitts und Nevis,Saint Kitts and Nevis,San Cristóbal y Nieves,Saint-Christophe-et-Niévès,Άγιος Χριστόφορος και Νέβις,सन्त किट्स और नेविस,Saint Kitts és Nevis,Saint Kitts dan Nevis,Saint Kitts e Nevis,セントクリストファー・ネイビス,세인트키츠 네비스,Saint Kitts en Nevis,Saint Kitts i Nevis,São Cristóvão e Nevis,Сент-Китс и Невис,Saint Kitts och Nevis,Saint Kitts ve Nevis,Saint Kitts và Nevis,聖克里斯多福與尼維斯,Saint Kitts and Nevis,None,LCR,.9813416,.022444341,17.271,-62.699,192
193,Admin-0 country,2,Dependency,Virgin Islands of the United States,,107268,9,3792,2017,2010,2013,6. Developing region,2. High income: nonOECD,VQ,VI,VIR,VIR,850,850,VI,VIR,North America,Americas,Caribbean,Latin America & Caribbean,جزر العذراء الأمريكية,মার্কিন ভার্জিন দ্বীপপুঞ্জ,Amerikanische Jungferninseln,United States Virgin Islands,Islas Vírgenes de los Estados Unidos,îles Vierges des États-Unis,Αμερικανικές Παρθένοι Νήσοι,संयुक्त राज्य वर्जिन द्वीपसमूह,Amerikai Virgin-szigetek,Kepulauan Virgin Amerika Serikat,Isole Vergini americane,アメリカ領ヴァージン諸島,미국령 버진아일랜드,Amerikaanse Maagdeneilanden,Wyspy Dziewicze Stanów Zjednoczonych,Ilhas Virgens Americanas,Американские Виргинские острова,Amerikanska Jungfruöarna,ABD Virjin Adaları,Quần đảo Virgin thuộc Mỹ,美屬維爾京群島,U.S. Virgin Islands (US),Name in italic,Other,1.7054565,.030265359,17.981,-64.798,193
194,Admin-0 country,2,Dependency,Saint-Barthélemy,,7184,5,255,2017,-99,2016,2. Developed region: nonG7,1. High income: OECD,TB,BL,BLM,BLM,652,652,-99,BLM,North America,Americas,Caribbean,Latin America & Caribbean,سان بارتيلمي,সেন্ট-বার্থেলেমি,Saint-Barthélemy,Saint-Barthélemy,San Bartolomé,Saint-Barthélemy,Άγιος Βαρθολομαίος,सेंट बार्थेलेमी,Saint-Barthélemy,Saint-Barthélemy,Saint-Barthélemy,サン・バルテルミー島,생바르텔레미,Saint-Barthélemy,Saint-Barthélemy,Coletividade de São Bartolomeu,Сен-Бартелеми,Saint-Barthélemy,Saint Barthélemy,Saint-Barthélemy,聖巴泰勒米島,Saint-Barthélemy (Fr.),Name in italic,Other,.19524892,.00208241,17.906,-62.833,194
195,Admin-0 country,2,Dependency,Commonwealth of Puerto Rico,,3351827,12,131000,2017,2010,2016,6. Developing region,2. High income: nonOECD,RQ,PR,PRI,PRI,630,630,PR,PRI,North America,Americas,Caribbean,Latin America & Caribbean,بورتوريكو,পুয়ের্তো রিকো,Puerto Rico,Puerto Rico,Puerto Rico,Porto Rico,Πουέρτο Ρίκο,प्युर्तो रिको,Puerto Rico,Puerto Riko,Porto Rico,プエルトリコ,푸에르토리코,Puerto Rico,Portoryko,Porto Rico,Пуэрто-Рико,Puerto Rico,Porto Riko,Puerto Rico,波多黎各,Puerto Rico (US),Name in italic,Other,6.0914111,.76928198,18.224,-66.468,195
196,Admin-0 country,2,Dependency,,,17087,6,175.39999,2017,-99,2009,6. Developing region,3. Upper middle income,AV,AI,AIA,AIA,660,660,-99,AIA,North America,Americas,Caribbean,Latin America & Caribbean,أنغويلا,এ্যাঙ্গুইলা,Anguilla,Anguilla,Anguila,Anguilla,Ανγκουίλα,अंगुइला,Anguilla,Anguilla,Anguilla,アンギラ,앵귈라,Anguilla,Anguilla,Anguilla,Ангилья,Anguilla,Anguilla,Anguilla,安圭拉,Anguilla (UK),Name in italic,Other,.50612354,.0068913084,18.226,-63.059,196
197,Admin-0 country,2,Dependency,British Virgin Islands,,35015,7,500,2017,-99,2010,2. Developed region: nonG7,1. High income: OECD,VI,VG,VGB,VGB,092,092,-99,VGB,North America,Americas,Caribbean,Latin America & Caribbean,جزر العذراء البريطانية,ব্রিটিশ ভার্জিন দ্বীপপুঞ্জ,Britische Jungferninseln,British Virgin Islands,Islas Vírgenes Británicas,îles Vierges britanniques,Βρετανικές Παρθένοι Νήσοι,ब्रिटिश वर्जिन द्वीपसमूह,Brit Virgin-szigetek,Kepulauan Virgin Britania Raya,Isole Vergini britanniche,イギリス領ヴァージン諸島,영국령 버진아일랜드,Britse Maagdeneilanden,Brytyjskie Wyspy Dziewicze,Ilhas Virgens Britânicas,Британские Виргинские острова,Brittiska Jungfruöarna,Britanya Virjin Adaları,Quần đảo Virgin thuộc Anh,英屬維爾京群島,British Virgin Islands (UK),Name in italic,Other,1.3745389,.012400495,18.51,-64.503,197
198,Admin-0 country,2,Sovereign country,Jamaica,,2990561,12,25390,2017,2011,2016,6. Developing region,3. Upper middle income,JM,JM,JAM,JAM,388,388,JM,JAM,North America,Americas,Caribbean,Latin America & Caribbean,جامايكا,জ্যামাইকা,Jamaika,Jamaica,Jamaica,Jamaïque,Τζαμάικα,जमैका,Jamaica,Jamaika,Giamaica,ジャマイカ,자메이카,Jamaica,Jamajka,Jamaica,Ямайка,Jamaica,Jamaika,Jamaica,牙买加,Jamaica,None,LCR,5.977438,.94206184,18.155,-77.319,198
199,Admin-0 country,2,Dependency,Cayman Islands,,58441,8,2507,2017,2010,2014,5. Emerging region: G20,2. High income: nonOECD,CJ,KY,CYM,CYM,136,136,KY,CYM,North America,Americas,Caribbean,Latin America & Caribbean,جزر كايمان,কেইম্যান দ্বীপপুঞ্জ,Cayman Islands,Cayman Islands,Islas Caimán,îles Caïmans,Νησιά Καϋμάν,केमन द्वीपसमूह,Kajmán-szigetek,Kepulauan Cayman,Isole Cayman,ケイマン諸島,케이맨 제도,Kaaimaneilanden,Kajmany,Ilhas Cayman,острова Кайман,Caymanöarna,Cayman Adaları,Quần đảo Cayman,開曼群島,Cayman Islands (UK),Name in italic,Other,1.7049553,.026596904,19.426,-80.877,199
200,Admin-0 country,2,Dependency,The Bermudas or Somers Isles,,70864,8,5198,2017,2010,2013,2. Developed region: nonG7,2. High income: nonOECD,BD,BM,BMU,BMU,060,060,BM,BMU,North America,Americas,Northern America,North America,برمودا,বারমুডা,Bermuda,Bermuda,Bermudas,Bermudes,Βερμούδες,बरमूडा,Bermuda,Bermuda,Bermuda,バミューダ諸島,버뮤다,Bermuda,Bermudy,Bermudas,Бермудские Острова,Bermuda,Bermuda,Bermuda,百慕大,Bermuda (UK),Name in italic,Other,1.0253751,.0059658387,32.31,-64.76300000000001,200
201,Admin-0 country,2,Dependency,Territory of Heard Island and McDonald Islands,,0,1,0,2017,-99,2016,7. Least developed region,5. Low income,HM,HM,HMD,HMD,334,-099,-99,HMD,Seven seas (open ocean),Seven seas (open ocean),Seven seas (open ocean),Sub-Saharan Africa,جزيرة هيرد وجزر ماكدونالد,হার্ড দ্বীপ এবং ম্যাকডোনাল্ড দ্বীপপুঞ্জ,Heard und McDonaldinseln,Heard Island and McDonald Islands,Islas Heard y McDonald,îles Heard-et-MacDonald,Νήσοι Χερντ και Μακντόναλντ,हर्ड द्वीप और मैकडोनाल्ड द्वीप,Heard-sziget és McDonald-szigetek,Pulau Heard dan Kepulauan McDonald,Isole Heard e McDonald,ハード島とマクドナルド諸島,허드 맥도널드 제도,Heard en McDonaldeilanden,Wyspy Heard i McDonalda,Ilha Heard e Ilhas McDonald,Остров Херд и острова Макдональд,Heard- och McDonaldöarna,Heard Adası ve McDonald Adaları,Đảo Heard và quần đảo McDonald,赫德島和麥克唐納群島,Heard Island and McDonald Islands (Aus.),Name in italic,Other,1.4122822,.052953977,-53.089,73.505,201
202,Admin-0 country,2,Dependency,,,7828,5,31.1,2017,-99,2010,6. Developing region,4. Lower middle income,SH,SH,SHN,SHN,654,654,-99,SHN,Seven seas (open ocean),Africa,Western Africa,Sub-Saharan Africa,سانت هيلينا,সেন্ট হেলেনা,St. Helena,Saint Helena,Isla Santa Elena,Sainte-Hélène,Νήσος Αγίας Ελένης,सन्त हेलेना,Szent Ilona,Saint Helena,Sant'Elena,セントヘレナ,세인트헬레나,Sint-Helena,Wyspa Świętej Heleny,Santa Helena,Остров Святой Елены,Sankta Helena,Saint Helena,Saint Helena,圣赫勒拿岛,"Saint Helena, Ascension and Tristan da Cunha (UK)",Name in italic,Other,1.4896432,.033666339,-24.911,-10.138,202
203,Admin-0 country,2,Sovereign country,Republic of Mauritius,,1356388,12,25850,2017,2011,2016,6. Developing region,3. Upper middle income,MP,MU,MUS,MUS,480,480,MU,MUS,Seven seas (open ocean),Africa,Eastern Africa,Sub-Saharan Africa,موريشيوس,মরিশাস,Mauritius,Mauritius,Mauricio,Maurice,Μαυρίκιος,मॉरिशस,Mauritius,Mauritius,Mauritius,モーリシャス,모리셔스,Mauritius,Mauritius,Maurícia,Маврикий,Mauritius,Mauritius,Mauritius,毛里求斯,Mauritius,None,AFR,2.3177593,.1741036,-20.186,57.85,203
204,Admin-0 country,2,Sovereign country,Union of the Comoros,,808080,11,1259,2017,2003,2016,7. Least developed region,5. Low income,CN,KM,COM,COM,174,174,KM,COM,Africa,Africa,Eastern Africa,Sub-Saharan Africa,جزر القمر,কোমোরোস,Komoren,Comoros,Comoras,Comores,Κομόρες,कोमोरोस,Comore-szigetek,Komoro,Comore,コモロ,코모로,Comoren,Komory,Comores,Коморы,Komorerna,Komorlar,Comoros,葛摩,Comoros,None,AFR,3.1156507,.13875207,-11.884,43.68,204
205,Admin-0 country,2,Sovereign country,Democratic Republic of São Tomé and Principe,,201025,10,694,2017,2001,2016,7. Least developed region,4. Lower middle income,TP,ST,STP,STP,678,678,ST,STP,Africa,Africa,Middle Africa,Sub-Saharan Africa,ساو تومي وبرينسيب,সাঁউ তুমি ও প্রিন্সিপি,São Tomé und Príncipe,São Tomé and Príncipe,Santo Tomé y Príncipe,Sao Tomé-et-Principe,Σάο Τομέ και Πρίνσιπε,साओ तोमे और प्रिन्सिपी,São Tomé és Príncipe,Sao Tome dan Principe,São Tomé e Príncipe,サントメ・プリンシペ,상투메 프린시페,Sao Tomé en Principe,Wyspy Świętego Tomasza i Książęca,São Tomé e Príncipe,Сан-Томе и Принсипи,São Tomé och Príncipe,São Tomé ve Príncipe,São Tomé và Príncipe,圣多美和普林西比,São Tomé and Príncipe,"Accents on a, e, and i",AFR,1.6655918,.084265105,.444,6.726,205
206,Admin-0 country,2,Sovereign country,Republic of Cabo Verde,,560899,11,3583,2017,2010,2016,6. Developing region,4. Lower middle income,CV,CV,CPV,CPV,132,132,CV,CPV,Africa,Africa,Western Africa,Sub-Saharan Africa,الرأس الأخضر,কেপ ভার্দ,Kap Verde,Cape Verde,Cabo Verde,Cap-Vert,Πράσινο Ακρωτήριο,केप वर्दे,Zöld-foki Köztársaság,Tanjung Verde,Capo Verde,カーボベルデ,카보베르데,Kaapverdië,Republika Zielonego Przylądka,Cabo Verde,Кабо-Верде,Kap Verde,Yeşil Burun Adaları,Cabo Verde,佛得角,Cabo Verde,None,AFR,7.4077868,.32778347,15.936,-23.967,206
207,Admin-0 country,2,Sovereign country,Republic of Malta,,416338,10,16320,2017,2005,2016,2. Developed region: nonG7,2. High income: nonOECD,MT,MT,MLT,MLT,470,470,MT,MLT,Europe,Europe,Southern Europe,Middle East & North Africa,مالطا,মাল্টা,Malta,Malta,Malta,Malte,Μάλτα,माल्टा,Málta,Malta,Malta,マルタ,몰타,Malta,Malta,Malta,Мальта,Malta,Malta,Malta,马耳他,Malta,None,MENA,1.1153042,.032521904,35.921,14.404,207
208,Admin-0 country,2,Country,Bailiwick of Jersey,,98840,8,5080,2017,2001,2015,2. Developed region: nonG7,2. High income: nonOECD,JE,JE,JEY,JEY,832,832,,JEY,Europe,Europe,Northern Europe,Europe & Central Asia,جيرزي,জার্সি,Jersey,Jersey,Jersey,Jersey,Τζέρσεϊ,जर्सी,Jersey,Jersey,Baliato di Jersey,ジャージー,저지 섬,Jersey,Jersey,Jersey,Джерси,Jersey,Jersey,Jersey,澤西島,Jersey (UK),Name in italic,Other,.62571394,.014694514,49.221,-2.127,208
209,Admin-0 country,2,Country,Bailiwick of Guernsey,,66502,8,3465,2017,2001,2015,2. Developed region: nonG7,2. High income: nonOECD,GK,GG,GGY,GGY,831,831,,GGY,Europe,Europe,Northern Europe,Europe & Central Asia,غيرنزي,,Guernsey,Guernsey,Guernsey,Guernesey,Γκέρνσεϊ,ग्वेर्नसे,Guernsey Bailiffség,Guernsey,Guernsey,ガーンジー,건지 섬,Guernsey,Guernsey,Guernsey,Гернси,Guernsey,Guernsey,Guernsey,根西岛,Guernsey (UK),Name in italic,Other,.71121311,.0091806091,49.484,-2.53,209
210,Admin-0 country,2,Country,,,88815,8,7428,2017,2006,2014,2. Developed region: nonG7,2. High income: nonOECD,IM,IM,IMN,IMN,833,833,IM,IMY,Europe,Europe,Northern Europe,Europe & Central Asia,جزيرة مان,আইল অব ম্যান,Isle of Man,Isle of Man,Isla de Man,île de Man,Νήσος του Μαν,मनुष्य का टापू,Man,Pulau Man,Isola di Man,マン島,맨 섬,Man,Wyspa Man,Ilha de Man,остров Мэн,Isle of Man,Man Adası,Đảo Man,马恩岛,Isle of Man (UK),Name in italic,Other,1.4099613,.079185545,54.229,-4.534,210
211,Admin-0 country,2,Dependency,Føroyar Is. (Faeroe Is.),,50730,8,2001,2017,2011,2014,2. Developed region: nonG7,2. High income: nonOECD,FO,FO,FRO,FRO,234,234,FO,FRO,Europe,Europe,Northern Europe,Europe & Central Asia,جزر فارو,ফ্যারও দ্বীপপুঞ্জ,Färöer,Faroe Islands,Islas Feroe,îles Féroé,Νήσοι Φερόες,फ़रो द्वीपसमूह,Feröer,Kepulauan Faroe,Fær Øer,フェロー諸島,페로 제도,Faeröer,Wyspy Owcze,Ilhas Feroe,Фарерские острова,Färöarna,Faroe Adaları,Quần đảo Faroe,法罗群岛,Faroe Islands (Den.),Name in italic,Other,10.269692,.22805794,62.074,-6.871,211
212,Admin-0 country,2,Dependency,,,4000,4,160,2013,-99,2013,2. Developed region: nonG7,2. High income: nonOECD,IO,IO,IOT,IOT,086,-099,-99,IOT,Seven seas (open ocean),Seven seas (open ocean),Seven seas (open ocean),Sub-Saharan Africa,إقليم المحيط الهندي البريطاني,ব্রিটিশ ভারত মহাসাগরীয় এলাকা,Britisches Territorium im Indischen Ozean,British Indian Ocean Territory,Territorio Británico del Océano Índico,Territoire britannique de l'océan Indien,Βρετανικό Έδαφος Ινδικού Ωκεανού,ब्रिटिश हिंद महासागर क्षेत्र,Brit Indiai-óceáni Terület,Wilayah Samudra Hindia Britania,Territorio britannico dell'oceano Indiano,イギリス領インド洋地域,영국령 인도양 지역,Brits Indische Oceaanterritorium,Brytyjskie Terytorium Oceanu Indyjskiego,Território Britânico do Oceano Índico,Британская территория в Индийском океане,Brittiska territoriet i Indiska oceanen,Britanya Hint Okyanusu Toprakları,Lãnh thổ Ấn Độ Dương thuộc Anh,英屬印度洋領地,British Indian Ocean Territory (UK),Name in italic,Other,1.1719565,.0040162769,-7.144,72.29900000000001,212
213,Admin-0 country,2,Sovereign country,Republic of Singapore,,5888926,13,487900,2017,2010,2016,6. Developing region,2. High income: nonOECD,SN,SG,SGP,SGP,702,702,SG,SGP,Asia,Asia,South-Eastern Asia,East Asia & Pacific,سنغافورة,সিঙ্গাপুর,Singapur,Singapore,Singapur,Singapour,Σιγκαπούρη,सिंगापुर,Szingapúr,Singapura,Singapore,シンガポール,싱가포르,Singapore,Singapur,Singapura,Сингапур,Singapore,Singapur,Singapore,新加坡,Singapore,None,Other,.87298781,.041485075,1.359,103.813,213
214,Admin-0 country,2,Dependency,Territory of Norfolk Island,,2210,4,33.150002,2014,-99,2016,6. Developing region,4. Lower middle income,NF,NF,NFK,NFK,574,574,-99,NFK,Oceania,Oceania,Australia and New Zealand,East Asia & Pacific,جزيرة نورفولك,নরফোক দ্বীপ,Norfolk Island,Norfolk Island,Isla Norfolk,île Norfolk,Νόρφολκ,नॉर्फ़ोक द्वीप,Norfolk-sziget,Pulau Norfolk,Isola Norfolk,ノーフォーク島,노퍽 섬,Norfolk,Norfolk,Ilha Norfolk,Норфолк,Norfolkön,Norfolk Adası,Đảo Norfolk,诺福克岛,Norfolk Island (Aus.),Name in italic,Other,.3000755,.0038112369,-29.035,167.955,214
215,Admin-0 country,2,Dependency,,,9290,5,244.10001,2017,-99,2010,6. Developing region,3. Upper middle income,CW,CK,COK,COK,184,184,-99,COK,Oceania,Oceania,Polynesia,East Asia & Pacific,جزر كوك,কুক দ্বীপপুঞ্জ,Cookinseln,Cook Islands,Islas Cook,Îles Cook,Νήσοι Κουκ,कुक द्वीपसमूह,Cook-szigetek,Kepulauan Cook,Isole Cook,クック諸島,쿡 제도,Cookeilanden,Wyspy Cooka,Ilhas Cook,Острова Кука,Cooköarna,Cook Adaları,Quần đảo Cook,库克群岛,Cook Islands (NZ),Name in italic,Other,1.7641925,.016506333,-19.815,-158.791,215
216,Admin-0 country,2,Sovereign country,Kingdom of Tonga,,106479,9,557,2017,2006,2016,6. Developing region,4. Lower middle income,TN,TO,TON,TON,776,776,TO,TON,Oceania,Oceania,Polynesia,East Asia & Pacific,تونغا,টোঙ্গা,Tonga,Tonga,Tonga,Tonga,Τόνγκα,टोंगा,Tonga,Tonga,Tonga,トンガ,통가,Tonga,Tonga,Tonga,Тонга,Tonga,Tonga,Tonga,東加,Tonga,None,EAP,3.2048612,.052101742,-20.067,-174.869,216
217,Admin-0 country,2,Dependency,Wallis and Futuna Islands,,15714,6,60,2017,-99,2016,6. Developing region,4. Lower middle income,WF,WF,WLF,WLF,876,876,-99,WLF,Oceania,Oceania,Polynesia,East Asia & Pacific,واليس وفوتونا,ওয়ালিস ও ফুটুনা,Wallis und Futuna,Wallis and Futuna,Wallis y Futuna,Wallis-et-Futuna,Ουαλίς και Φουτουνά,वालिस और फ्यूटुना,Wallis és Futuna,Wallis dan Futuna,Wallis e Futuna,ウォリス・フツナ,왈리스 퓌튀나,Wallis en Futuna,Wallis i Futuna,Wallis e Futuna,Уоллис и Футуна,Wallis- och Futunaöarna,Wallis ve Futuna Adaları,Wallis và Futuna,瓦利斯和富圖納,Wallis-et-Futuna (Fr.),Name in italic,Other,.72324449,.011644272,-13.738,-177.059,217
218,Admin-0 country,2,Sovereign country,Independent State of Samoa,,200108,10,1046,2017,2006,2016,7. Least developed region,4. Lower middle income,WS,WS,WSM,WSM,882,882,WS,WSM,Oceania,Oceania,Polynesia,East Asia & Pacific,ساموا,সামোয়া,Samoa,Samoa,Samoa,Samoa,Σαμόα,समोआ,Szamoa,Samoa,Samoa,サモア,사모아,Samoa,Samoa,Samoa,Самоа,Samoa,Samoa,Samoa,萨摩亚,Samoa,None,EAP,3.1397991,.23237786,-13.755,-172.161,218
219,Admin-0 country,2,Sovereign country,,,647581,11,1198,2017,2009,2016,7. Least developed region,4. Lower middle income,BP,SB,SLB,SLB,090,090,SB,SLB,Oceania,Oceania,Melanesia,East Asia & Pacific,جزر سليمان,সলোমন দ্বীপপুঞ্জ,Salomonen,Solomon Islands,Islas Salomón,Îles Salomon,Νήσοι Σολομώντα,सोलोमन द्वीपसमूह,Salamon-szigetek,Kepulauan Solomon,Isole Salomone,ソロモン諸島,솔로몬 제도,Salomonseilanden,Wyspy Salomona,Ilhas Salomão,Соломоновы Острова,Salomonöarna,Solomon Adaları,Quần đảo Solomon,索羅門群島,Solomon Islands,None,EAP,40.721516,2.2364025,-8.91,159.638,219
220,Admin-0 country,2,Sovereign country,Tuvalu,,11052,6,39,2017,2002,2016,7. Least developed region,3. Upper middle income,TV,TV,TUV,TUV,798,798,TV,TUV,Oceania,Oceania,Polynesia,East Asia & Pacific,توفالو,টুভালু,Tuvalu,Tuvalu,Tuvalu,Tuvalu,Τουβαλού,तुवालू,Tuvalu,Tuvalu,Tuvalu,ツバル,투발루,Tuvalu,Tuvalu,Tuvalu,Тувалу,Tuvalu,Tuvalu,Tuvalu,吐瓦魯,Tuvalu,None,EAP,.70080012,.0018871492,-7.759,178.52,220
221,Admin-0 country,2,Sovereign country,Republic of Maldives,,392709,10,5407,2017,2011,2016,6. Developing region,3. Upper middle income,MV,MV,MDV,MDV,462,462,MV,MDV,Seven seas (open ocean),Asia,Southern Asia,South Asia,جزر المالديف,মালদ্বীপ,Malediven,Maldives,Maldivas,Maldives,Μαλδίβες,मालदीव,Maldív-szigetek,Maladewa,Maldive,モルディブ,몰디브,Maldiven,Malediwy,Maldivas,Мальдивы,Maldiverna,Maldivler,Maldives,马尔代夫,Maldives,None,SOA,4.6785345,.0088602146,3.828,73.30200000000001,221
222,Admin-0 country,2,Sovereign country,Republic of Nauru,,9642,5,150.8,2017,-99,2015,6. Developing region,4. Lower middle income,NR,NR,NRU,NRU,520,520,-99,NRU,Oceania,Oceania,Micronesia,East Asia & Pacific,ناورو,নাউরু,Nauru,Nauru,Nauru,Nauru,Ναουρού,नौरु,Nauru,Nauru,Nauru,ナウル,나우루,Nauru,Nauru,Nauru,Науру,Nauru,Nauru,Nauru,諾魯,Nauru,None,Other,.17879544,.0023371445,-.521,166.933,222
223,Admin-0 country,2,Sovereign country,Federated States of Micronesia,,104196,9,314,2017,2000,2016,6. Developing region,4. Lower middle income,FM,FM,FSM,FSM,583,583,FM,FSM,Oceania,Oceania,Micronesia,East Asia & Pacific,ولايات ميكرونيسيا المتحدة,মাইক্রোনেশিয়া যুক্তরাজ্য,Mikronesien,Federated States of Micronesia,Micronesia,Micronésie,Μικρονησία,माइक्रोनेशिया के संघीकृत राज्य,Mikronéziai Szövetségi Államok,Mikronesia,Stati Federati di Micronesia,ミクロネシア連邦,미크로네시아 연방,Micronesia,Mikronezja,Micronésia,Микронезия,Mikronesiens federerade stater,Mikronezya,Micronesia,密克罗尼西亚联邦,"Micronesia, Federated States of",None,EAP,3.1119835,.051882181,6.967,155.261,223
224,Admin-0 country,2,Dependency,South Georgia and the Islands,,30,1,.30000001,2017,-99,2016,7. Least developed region,5. Low income,SX,GS,SGS,SGS,239,-099,-99,SGS,Seven seas (open ocean),Seven seas (open ocean),Seven seas (open ocean),Antarctica,جورجيا الجنوبية وجزر ساندويتش الجنوبية,দক্ষিণ জর্জিয়া ও দক্ষিণ স্যন্ডউইচ দ্বীপপুঞ্জ,Südgeorgien und die Südlichen Sandwichinseln,South Georgia and the South Sandwich Islands,Islas Georgias del Sur y Sándwich del Sur,Géorgie du Sud-et-les Îles Sandwich du Sud,Νήσοι Νότια Γεωργία και Νότιες Σάντουιτς,दक्षिण जॉर्जिया एवं दक्षिण सैंडविच द्वीप समूह,Déli-Georgia és Déli-Sandwich-szigetek,Georgia Selatan dan Kepulauan Sandwich Selatan,Georgia del Sud e isole Sandwich meridionali,サウスジョージア・サウスサンドウィッチ諸島,사우스조지아 사우스샌드위치 제도,Zuid-Georgia en de Zuidelijke Sandwicheilanden,Georgia Południowa i Sandwich Południowy,Ilhas Geórgia do Sul e Sandwich do Sul,Южная Георгия и Южные Сандвичевы острова,Sydgeorgien och Sydsandwichöarna,Güney Georgia ve Güney Sandwich Adaları,Nam Georgia và Quần đảo Nam Sandwich,南喬治亞島與南桑威奇群島,South Georgia and South Sandwich Islands (UK),Name in italic,Other,12.343408,.54624367,-54.679,-35.882,224
225,Admin-0 country,2,Dependency,Falkland Islands,,2931,4,281.79999,2014,-99,2012,2. Developed region: nonG7,1. High income: OECD,FK,FK,FLK,FLK,238,238,-99,FLK,South America,Americas,South America,Latin America & Caribbean,جزر فوكلاند,ফক্‌ল্যান্ড দ্বীপপুঞ্জ,Falklandinseln,Falkland Islands,Islas Malvinas,îles Malouines,Νήσοι Φώκλαντ,फ़ॉकलैंड द्वीपसमूह,Falkland-szigetek,Kepulauan Falkland,Isole Falkland,フォークランド諸島,포클랜드 제도,Falklandeilanden,Falklandy,Ilhas Malvinas,Фолклендские острова,Falklandsöarna,Falkland Adaları,Quần đảo Falkland,福克兰群岛,Falkland Islands (UK)/Islas Malvinas,Name in italic; Always color grey,Other,29.379072,1.5087763,-51.733,-59.376,225
226,Admin-0 country,2,Sovereign country,Republic of Vanuatu,,282814,10,723,2017,2009,2016,7. Least developed region,4. Lower middle income,NH,VU,VUT,VUT,548,548,VU,VUT,Oceania,Oceania,Melanesia,East Asia & Pacific,فانواتو,ভানুয়াটু,Vanuatu,Vanuatu,Vanuatu,Vanuatu,Βανουάτου,वानूआटू,Vanuatu,Vanuatu,Vanuatu,バヌアツ,바누아투,Vanuatu,Vanuatu,Vanuatu,Вануату,Vanuatu,Vanuatu,Vanuatu,萬那杜,Vanuatu,None,EAP,20.774731,1.0395539,-16.201,167.701,226
227,Admin-0 country,2,Dependency,,,1626,3,10,2015,-99,2003,6. Developing region,3. Upper middle income,NE,NU,NIU,NIU,570,570,-99,NIU,Oceania,Oceania,Polynesia,East Asia & Pacific,نييوي,নিউয়ে,Niue,Niue,Niue,Niue,Νιούε,निउए,Niue,Niue,Niue,ニウエ,니우에,Niue,Niue,Niue,Ниуэ,Niue,Niue,Niue,紐埃,Niue (NZ),Name in italic,Other,.58195835,.018930655,-19.049,-169.869,227
228,Admin-0 country,2,Dependency,American Samoa,,51504,8,711,2017,2010,2013,6. Developing region,3. Upper middle income,AQ,AS,ASM,ASM,016,016,AS,ASM,Oceania,Oceania,Polynesia,East Asia & Pacific,ساموا الأمريكية,আমেরিকান সামোয়া,Amerikanisch-Samoa,American Samoa,Samoa Estadounidense,Samoa américaines,Αμερικανική Σαμόα,अमेरिकी समोआ,Amerikai Szamoa,Samoa Amerika,Samoa Americane,アメリカ領サモア,아메리칸사모아,Amerikaans-Samoa,Samoa Amerykańskie,Samoa Americana,Американское Самоа,Amerikanska Samoa,Amerikan Samoası,Samoa thuộc Mỹ,美屬薩摩亞,American Samoa (US),Name in italic,Other,1.0737051,.015101439,-14.255,-170.399,228
229,Admin-0 country,2,Sovereign country,Republic of Palau,,21431,7,276,2017,2010,2016,6. Developing region,3. Upper middle income,PS,PW,PLW,PLW,585,585,PW,PLW,Oceania,Oceania,Micronesia,East Asia & Pacific,بالاو,পালাউ,Palau,Palau,Palaos,Palaos,Παλάου,पलाउ,Palau,Palau,Palau,パラオ,팔라우,Palau,Palau,Palau,Палау,Palau,Palau,Palau,帛琉,Palau,None,EAP,2.4839249,.040280521,7.198,134.348,229
230,Admin-0 country,2,Dependency,Territory of Guam,,167358,9,4882,2017,2010,2013,6. Developing region,2. High income: nonOECD,GQ,GU,GUM,GUM,316,316,GU,GUM,Oceania,Oceania,Micronesia,East Asia & Pacific,غوام,গুয়াম,Guam,Guam,Guam,Guam,Γκουάμ,गुआम,Guam,Guam,Guam,グアム,괌,Guam,Guam,Guam,Гуам,Guam,Guam,Guam,關島,Guam (US),Name in italic,Other,1.1782407,.047093816,13.444,144.772,230
231,Admin-0 country,2,Dependency,Commonwealth of the Northern Mariana Islands,,52263,8,682,2017,2010,2013,6. Developing region,2. High income: nonOECD,CQ,MP,MNP,MNP,580,580,MP,MNP,Oceania,Oceania,Micronesia,East Asia & Pacific,جزر ماريانا الشمالية,উত্তর মারিয়ানা দ্বীপপুঞ্জ,Nördliche Marianen,Northern Mariana Islands,Islas Marianas del Norte,îles Mariannes du Nord,Βόρειες Μαριάνες Νήσοι,उत्तरी मारियाना द्वीप,Északi-Mariana-szigetek,Kepulauan Mariana Utara,Isole Marianne Settentrionali,北マリアナ諸島,북마리아나 제도,Noordelijke Marianen,Mariany Północne,Marianas Setentrionais,Северные Марианские острова,Nordmarianerna,Kuzey Mariana Adaları,Quần đảo Bắc Mariana,北马里亚纳群岛,Northern Mariana Islands (US),Name in italic,Other,2.9050045,.048995145,16.251,145.6,231
232,Admin-0 country,2,Sovereign country,Kingdom of Bahrain,,1410942,12,66370,2017,2010,2016,6. Developing region,2. High income: nonOECD,BA,BH,BHR,BHR,048,048,BH,BHR,Asia,Asia,Western Asia,Middle East & North Africa,البحرين,বাহরাইন,Bahrain,Bahrain,Baréin,Bahreïn,Μπαχρέιν,बहरीन,Bahrein,Bahrain,Bahrein,バーレーン,바레인,Bahrein,Bahrajn,Bahrein,Бахрейн,Bahrain,Bahreyn,Bahrain,巴林,Bahrain,None,MENA,1.2637128,.05275977,26.053,50.547,232
233,Admin-0 country,2,Dependency,,,0,1,0,2017,-99,2016,7. Least developed region,5. Low income,IP,-99,-99,-99,-99,-099,-99,FRA,Seven seas (open ocean),Americas,Central America,Latin America & Caribbean,جزيرة كليبرتون,ক্লিপারটন দ্বীপপুঞ্জ,Clipperton-Insel,Clipperton Island,Isla Clipperton,île Clipperton,Νήσος Κλίπερτον,क्लिपरटन द्वीप,Clipperton-sziget,Pulau Clipperton,Clipperton,クリッパートン島,클리퍼턴 섬,Clipperton,Wyspa Clippertona,Ilha de Clipperton,Клиппертон,Clippertonön,Clipperton Adası,Clipperton,克利珀頓島,Clipperton Island (Fr.),Name in italic,Other,.081190065,.00041283914,10.297,-109.221,233
234,Admin-0 country,2,Country,"Macao Special Administrative Region, PRC",,601969,11,63220,2017,2011,2016,6. Developing region,2. High income: nonOECD,MC,MO,MAC,MAC,446,446,MO,MAC,Asia,Asia,Eastern Asia,East Asia & Pacific,ماكاو,মাকাও,Macau,Macau,Macao,Macao,Μακάου,मकाउ,Makaó,Makau,Macao,マカオ,마카오,Macau,Makau,Macau,Макао,Macao,Makao,Ma Cao,澳門,"Macau (SAR, China)",Name it as a regular Chinese province,EAP,.42364627,.0026332785,22.158,113.55,234
235,Admin-0 country,2,Country,Kingdom of the Netherlands,,17084719,14,870800,2017,2011,2016,2. Developed region: nonG7,1. High income: OECD,NL,NL,NLD,NLD,528,528,,BES,Europe,Europe,Western Europe,Europe & Central Asia,هولندا,নেদারল্যান্ডস,Niederlande,Netherlands,Países Bajos,Pays-Bas,Ολλανδία,नीदरलैण्ड,Hollandia,Belanda,Paesi Bassi,オランダ,네덜란드,Nederland,Holandia,Países Baixos,Нидерланды,Nederländerna,Hollanda,Hà Lan,荷蘭,Bonaire (Neth.),Name in italic,Other,.87096143,.022355076,12.186,-68.288,235
236,Admin-0 country,2,Country,Kingdom of the Netherlands,,17084719,14,870800,2017,2011,2016,2. Developed region: nonG7,1. High income: OECD,NL,NL,NLD,NLD,528,528,,BES,Europe,Europe,Western Europe,Europe & Central Asia,هولندا,নেদারল্যান্ডস,Niederlande,Netherlands,Países Bajos,Pays-Bas,Ολλανδία,नीदरलैण्ड,Hollandia,Belanda,Paesi Bassi,オランダ,네덜란드,Nederland,Holandia,Países Baixos,Нидерланды,Nederländerna,Hollanda,Hà Lan,荷蘭,Sint Eustatius (Neth.),Name in italic,Other,.17817754,.0016193934,17.489,-62.974,236
237,Admin-0 country,2,Country,Kingdom of the Netherlands,,17084719,14,870800,2017,2011,2016,2. Developed region: nonG7,1. High income: OECD,NL,NL,NLD,NLD,528,528,,BES,Europe,Europe,Western Europe,Europe & Central Asia,هولندا,নেদারল্যান্ডস,Niederlande,Netherlands,Países Bajos,Pays-Bas,Ολλανδία,नीदरलैण्ड,Hollandia,Belanda,Paesi Bassi,オランダ,네덜란드,Nederland,Holandia,Países Baixos,Нидерланды,Nederländerna,Hollanda,Hà Lan,荷蘭,Saba (Neth.),Name in italic,Other,.090968326,.00060145807,17.631,-63.238,237
238,Admin-0 country,2,Country,Kingdom of the Netherlands,,17084719,14,870800,2017,2011,2016,2. Developed region: nonG7,1. High income: OECD,NL,NL,NLD,NLD,528,528,NL,NLD,Europe,Europe,Western Europe,Europe & Central Asia,هولندا,নেদারল্যান্ডস,Niederlande,Netherlands,Países Bajos,Pays-Bas,Ολλανδία,नीदरलैण्ड,Hollandia,Belanda,Paesi Bassi,オランダ,네덜란드,Nederland,Holandia,Países Baixos,Нидерланды,Nederländerna,Hollanda,Hà Lan,荷蘭,Netherlands,None,Other,22.816385,4.8845406,52.268,5.584,238
239,Admin-0 country,2,Dependency,,,2801,4,42.02,2017,-99,2016,2. Developed region: nonG7,2. High income: nonOECD,-99,-99,-99,-99,-99,-099,-99,CCK,Asia,Seven seas (open ocean),Seven seas (open ocean),East Asia & Pacific,أقاليم المحيط الهندي الأسترالية,অস্ট্রেলিয়ান ভারত মহাসাগর অঞ্চল,Australische Territorien im Indischen Ozean,Australian Indian Ocean Territories,Territorios Australianos del Océano Índico,Territoires extérieurs australiens de l'Océan Indien,Αυστραλέζικο Έδαφος Ινδικού Ωκεανού,हिंद महासागर के ऑस्ट्रेलियाई क्षेत्र,Ausztrál Indiai-óceáni Terület,Wilayah Samudra Hindia Australia,Australian Indian Ocean Territories,オーストラリア領インド洋地域,호주령 인도양 지역,Cocoseilanden,Australijskie Terytorium Oceanu Indyjskiego,Territórios australianos do Oceano Índico,Австралийские территории в Индийском океане,Australienska indiska oceanens havsområde,Australian Indian Ocean Territories,Vùng lãnh thổ Ấn Độ Dương thuộc Úc,澳屬印度洋領地,Cocos (Keeling) Islands (Aus.),Name in italic,Other,.3187378,.0010970599,-12.176,96.867,239
240,Admin-0 country,2,Dependency,,,2801,4,42.02,2017,-99,2016,2. Developed region: nonG7,2. High income: nonOECD,-99,-99,-99,-99,-99,-099,-99,CXR,Asia,Seven seas (open ocean),Seven seas (open ocean),East Asia & Pacific,أقاليم المحيط الهندي الأسترالية,অস্ট্রেলিয়ান ভারত মহাসাগর অঞ্চল,Australische Territorien im Indischen Ozean,Australian Indian Ocean Territories,Territorios Australianos del Océano Índico,Territoires extérieurs australiens de l'Océan Indien,Αυστραλέζικο Έδαφος Ινδικού Ωκεανού,हिंद महासागर के ऑस्ट्रेलियाई क्षेत्र,Ausztrál Indiai-óceáni Terület,Wilayah Samudra Hindia Australia,Australian Indian Ocean Territories,オーストラリア領インド洋地域,호주령 인도양 지역,Cocoseilanden,Australijskie Terytorium Oceanu Indyjskiego,Territórios australianos do Oceano Índico,Австралийские территории в Индийском океане,Australienska indiska oceanens havsområde,Australian Indian Ocean Territories,Vùng lãnh thổ Ấn Độ Dương thuộc Úc,澳屬印度洋領地,Christmas Island (Aus.),Name in italic,Other,.48992765,.0081529217,-10.493,105.663,240
241,Admin-0 country,2,Dependency,,,300,2,0,0,-99,0,7. Least developed region,5. Low income,-99,UM,UMI,UMI,581,-099,-99,UMI,North America,Seven seas (open ocean),Seven seas (open ocean),East Asia & Pacific,جزر الولايات المتحدة الصغيرة النائية,মার্কিন যুক্তরাষ্ট্র পার্শ্ববর্তী ক্ষুদ্র দ্বীপপুঞ্জ,United States Minor Outlying Islands,United States Minor Outlying Islands,Islas ultramarinas de Estados Unidos,Îles mineures éloignées des États-Unis,Απομακρυσμένες Νησίδες των Ηνωμένων Πολιτειών,संयुक्त राज्य अमेरिका के छोटे दूरस्थ द्वीपसमूह,Az Amerikai Egyesült Államok lakatlan külbirtokai,Kepulauan Terluar Kecil Amerika Serikat,Isole minori esterne degli Stati Uniti d'America,合衆国領有小離島,미국령 군소 제도,Kleine afgelegen eilanden van de Verenigde Staten,Dalekie Wyspy Mniejsze Stanów Zjednoczonych,Ilhas Menores Distantes dos Estados Unidos,Внешние малые острова США,Förenta staternas mindre öar i Oceanien och Västindien,United States Minor Outlying Islands,Các tiểu đảo xa của Hoa Kỳ,美国本土外小岛屿,Johnston Atoll (US),Name in italic,Other,.11320781,.000208098,16.737,-169.535,241
242,Admin-0 country,2,Dependency,,,300,2,0,0,-99,0,7. Least developed region,5. Low income,-99,UM,UMI,UMI,581,-099,-99,UMI,North America,Seven seas (open ocean),Seven seas (open ocean),East Asia & Pacific,جزر الولايات المتحدة الصغيرة النائية,মার্কিন যুক্তরাষ্ট্র পার্শ্ববর্তী ক্ষুদ্র দ্বীপপুঞ্জ,United States Minor Outlying Islands,United States Minor Outlying Islands,Islas ultramarinas de Estados Unidos,Îles mineures éloignées des États-Unis,Απομακρυσμένες Νησίδες των Ηνωμένων Πολιτειών,संयुक्त राज्य अमेरिका के छोटे दूरस्थ द्वीपसमूह,Az Amerikai Egyesült Államok lakatlan külbirtokai,Kepulauan Terluar Kecil Amerika Serikat,Isole minori esterne degli Stati Uniti d'America,合衆国領有小離島,미국령 군소 제도,Kleine afgelegen eilanden van de Verenigde Staten,Dalekie Wyspy Mniejsze Stanów Zjednoczonych,Ilhas Menores Distantes dos Estados Unidos,Внешние малые острова США,Förenta staternas mindre öar i Oceanien och Västindien,United States Minor Outlying Islands,Các tiểu đảo xa của Hoa Kỳ,美国本土外小岛屿,Jarvis Island (US),Name in italic,Other,.059293944,.00018985735,-.38,-160.02,242
243,Admin-0 country,2,Dependency,,,300,2,0,0,-99,0,7. Least developed region,5. Low income,-99,UM,UMI,UMI,581,-099,-99,UMI,North America,Seven seas (open ocean),Seven seas (open ocean),East Asia & Pacific,جزر الولايات المتحدة الصغيرة النائية,মার্কিন যুক্তরাষ্ট্র পার্শ্ববর্তী ক্ষুদ্র দ্বীপপুঞ্জ,United States Minor Outlying Islands,United States Minor Outlying Islands,Islas ultramarinas de Estados Unidos,Îles mineures éloignées des États-Unis,Απομακρυσμένες Νησίδες των Ηνωμένων Πολιτειών,संयुक्त राज्य अमेरिका के छोटे दूरस्थ द्वीपसमूह,Az Amerikai Egyesült Államok lakatlan külbirtokai,Kepulauan Terluar Kecil Amerika Serikat,Isole minori esterne degli Stati Uniti d'America,合衆国領有小離島,미국령 군소 제도,Kleine afgelegen eilanden van de Verenigde Staten,Dalekie Wyspy Mniejsze Stanów Zjednoczonych,Ilhas Menores Distantes dos Estados Unidos,Внешние малые острова США,Förenta staternas mindre öar i Oceanien och Västindien,United States Minor Outlying Islands,Các tiểu đảo xa của Hoa Kỳ,美国本土外小岛屿,Baker Island (US),Name in italic,Other,.046053413,.000058077268,.202,-176.475,243
244,Admin-0 country,2,Dependency,,,300,2,0,0,-99,0,7. Least developed region,5. Low income,-99,UM,UMI,UMI,581,-099,-99,UMI,North America,Seven seas (open ocean),Seven seas (open ocean),East Asia & Pacific,جزر الولايات المتحدة الصغيرة النائية,মার্কিন যুক্তরাষ্ট্র পার্শ্ববর্তী ক্ষুদ্র দ্বীপপুঞ্জ,United States Minor Outlying Islands,United States Minor Outlying Islands,Islas ultramarinas de Estados Unidos,Îles mineures éloignées des États-Unis,Απομακρυσμένες Νησίδες των Ηνωμένων Πολιτειών,संयुक्त राज्य अमेरिका के छोटे दूरस्थ द्वीपसमूह,Az Amerikai Egyesült Államok lakatlan külbirtokai,Kepulauan Terluar Kecil Amerika Serikat,Isole minori esterne degli Stati Uniti d'America,合衆国領有小離島,미국령 군소 제도,Kleine afgelegen eilanden van de Verenigde Staten,Dalekie Wyspy Mniejsze Stanów Zjednoczonych,Ilhas Menores Distantes dos Estados Unidos,Внешние малые острова США,Förenta staternas mindre öar i Oceanien och Västindien,United States Minor Outlying Islands,Các tiểu đảo xa của Hoa Kỳ,美国本土外小岛屿,Howland Island (US),Name in italic,Other,.035559315,.000038914379,.8,-176.638,244
245,Admin-0 country,2,Dependency,,,300,2,0,0,-99,0,7. Least developed region,5. Low income,-99,UM,UMI,UMI,581,-099,-99,UMI,North America,Seven seas (open ocean),Seven seas (open ocean),East Asia & Pacific,جزر الولايات المتحدة الصغيرة النائية,মার্কিন যুক্তরাষ্ট্র পার্শ্ববর্তী ক্ষুদ্র দ্বীপপুঞ্জ,United States Minor Outlying Islands,United States Minor Outlying Islands,Islas ultramarinas de Estados Unidos,Îles mineures éloignées des États-Unis,Απομακρυσμένες Νησίδες των Ηνωμένων Πολιτειών,संयुक्त राज्य अमेरिका के छोटे दूरस्थ द्वीपसमूह,Az Amerikai Egyesült Államok lakatlan külbirtokai,Kepulauan Terluar Kecil Amerika Serikat,Isole minori esterne degli Stati Uniti d'America,合衆国領有小離島,미국령 군소 제도,Kleine afgelegen eilanden van de Verenigde Staten,Dalekie Wyspy Mniejsze Stanów Zjednoczonych,Ilhas Menores Distantes dos Estados Unidos,Внешние малые острова США,Förenta staternas mindre öar i Oceanien och Västindien,United States Minor Outlying Islands,Các tiểu đảo xa của Hoa Kỳ,美国本土外小岛屿,Wake Island (US),Name in italic,Other,.10812473,.00033657419,19.287,166.642,245
246,Admin-0 country,2,Dependency,,,300,2,0,0,-99,0,7. Least developed region,5. Low income,-99,UM,UMI,UMI,581,-099,-99,UMI,North America,Seven seas (open ocean),Seven seas (open ocean),East Asia & Pacific,جزر الولايات المتحدة الصغيرة النائية,মার্কিন যুক্তরাষ্ট্র পার্শ্ববর্তী ক্ষুদ্র দ্বীপপুঞ্জ,United States Minor Outlying Islands,United States Minor Outlying Islands,Islas ultramarinas de Estados Unidos,Îles mineures éloignées des États-Unis,Απομακρυσμένες Νησίδες των Ηνωμένων Πολιτειών,संयुक्त राज्य अमेरिका के छोटे दूरस्थ द्वीपसमूह,Az Amerikai Egyesült Államok lakatlan külbirtokai,Kepulauan Terluar Kecil Amerika Serikat,Isole minori esterne degli Stati Uniti d'America,合衆国領有小離島,미국령 군소 제도,Kleine afgelegen eilanden van de Verenigde Staten,Dalekie Wyspy Mniejsze Stanów Zjednoczonych,Ilhas Menores Distantes dos Estados Unidos,Внешние малые острова США,Förenta staternas mindre öar i Oceanien och Västindien,United States Minor Outlying Islands,Các tiểu đảo xa của Hoa Kỳ,美国本土外小岛屿,Midway Islands (US),Name in italic,Other,.1104343,.00032240152,28.207,-177.368,246
247,Admin-0 country,2,Dependency,,,300,2,0,0,-99,0,7. Least developed region,5. Low income,-99,UM,UMI,UMI,581,-099,-99,USA,North America,Seven seas (open ocean),Seven seas (open ocean),East Asia & Pacific,جزر الولايات المتحدة الصغيرة النائية,মার্কিন যুক্তরাষ্ট্র পার্শ্ববর্তী ক্ষুদ্র দ্বীপপুঞ্জ,United States Minor Outlying Islands,United States Minor Outlying Islands,Islas ultramarinas de Estados Unidos,Îles mineures éloignées des États-Unis,Απομακρυσμένες Νησίδες των Ηνωμένων Πολιτειών,संयुक्त राज्य अमेरिका के छोटे दूरस्थ द्वीपसमूह,Az Amerikai Egyesült Államok lakatlan külbirtokai,Kepulauan Terluar Kecil Amerika Serikat,Isole minori esterne degli Stati Uniti d'America,合衆国領有小離島,미국령 군소 제도,Kleine afgelegen eilanden van de Verenigde Staten,Dalekie Wyspy Mniejsze Stanów Zjednoczonych,Ilhas Menores Distantes dos Estados Unidos,Внешние малые острова США,Förenta staternas mindre öar i Oceanien och Västindien,United States Minor Outlying Islands,Các tiểu đảo xa của Hoa Kỳ,美国本土外小岛屿,Navassa Island (US),Name in italic,Other,.085608244,.00041296249,18.407,-75.015,247
248,Admin-0 country,2,Dependency,,,300,2,0,0,-99,0,7. Least developed region,5. Low income,-99,UM,UMI,UMI,581,-099,-99,UMI,North America,Seven seas (open ocean),Seven seas (open ocean),East Asia & Pacific,جزر الولايات المتحدة الصغيرة النائية,মার্কিন যুক্তরাষ্ট্র পার্শ্ববর্তী ক্ষুদ্র দ্বীপপুঞ্জ,United States Minor Outlying Islands,United States Minor Outlying Islands,Islas ultramarinas de Estados Unidos,Îles mineures éloignées des États-Unis,Απομακρυσμένες Νησίδες των Ηνωμένων Πολιτειών,संयुक्त राज्य अमेरिका के छोटे दूरस्थ द्वीपसमूह,Az Amerikai Egyesült Államok lakatlan külbirtokai,Kepulauan Terluar Kecil Amerika Serikat,Isole minori esterne degli Stati Uniti d'America,合衆国領有小離島,미국령 군소 제도,Kleine afgelegen eilanden van de Verenigde Staten,Dalekie Wyspy Mniejsze Stanów Zjednoczonych,Ilhas Menores Distantes dos Estados Unidos,Внешние малые острова США,Förenta staternas mindre öar i Oceanien och Västindien,United States Minor Outlying Islands,Các tiểu đảo xa của Hoa Kỳ,美国本土外小岛屿,Palmyra Atoll (US),Name in italic,Other,.14736271,.00057582394,5.881,-162.077,248
249,Admin-0 country,2,Dependency,,,300,2,0,0,-99,0,7. Least developed region,5. Low income,-99,UM,UMI,UMI,581,-099,-99,UMI,North America,Seven seas (open ocean),Seven seas (open ocean),East Asia & Pacific,جزر الولايات المتحدة الصغيرة النائية,মার্কিন যুক্তরাষ্ট্র পার্শ্ববর্তী ক্ষুদ্র দ্বীপপুঞ্জ,United States Minor Outlying Islands,United States Minor Outlying Islands,Islas ultramarinas de Estados Unidos,Îles mineures éloignées des États-Unis,Απομακρυσμένες Νησίδες των Ηνωμένων Πολιτειών,संयुक्त राज्य अमेरिका के छोटे दूरस्थ द्वीपसमूह,Az Amerikai Egyesült Államok lakatlan külbirtokai,Kepulauan Terluar Kecil Amerika Serikat,Isole minori esterne degli Stati Uniti d'America,合衆国領有小離島,미국령 군소 제도,Kleine afgelegen eilanden van de Verenigde Staten,Dalekie Wyspy Mniejsze Stanów Zjednoczonych,Ilhas Menores Distantes dos Estados Unidos,Внешние малые острова США,Förenta staternas mindre öar i Oceanien och Västindien,United States Minor Outlying Islands,Các tiểu đảo xa của Hoa Kỳ,美国本土外小岛屿,Kingman Reef (US),Name in italic,Other,.059570313,.00022178888,6.438,-162.393,249
250,Admin-0 country,2,Country,New Zealand,,4510327,12,174800,2017,2006,2016,2. Developed region: nonG7,1. High income: OECD,NZ,NZ,NZL,NZL,554,554,,TKL,Oceania,Oceania,Australia and New Zealand,East Asia & Pacific,نيوزيلندا,নিউজিল্যান্ড,Neuseeland,New Zealand,Nueva Zelanda,Nouvelle-Zélande,Νέα Ζηλανδία,न्यूज़ीलैण्ड,Új-Zéland,Selandia Baru,Nuova Zelanda,ニュージーランド,뉴질랜드,Nieuw-Zeeland,Nowa Zelandia,Nova Zelândia,Новая Зеландия,Nya Zeeland,Yeni Zelanda,New Zealand,新西兰,Tokelau (NZ),Name in italic,Other,.17845316,.00034820702,-8.970000000000001,-171.816,250
251,Admin-0 country,2,Country,New Zealand,,4510327,12,174800,2017,2006,2016,2. Developed region: nonG7,1. High income: OECD,NZ,NZ,NZL,NZL,554,554,NZ,NZL,Oceania,Oceania,Australia and New Zealand,East Asia & Pacific,نيوزيلندا,নিউজিল্যান্ড,Neuseeland,New Zealand,Nueva Zelanda,Nouvelle-Zélande,Νέα Ζηλανδία,न्यूज़ीलैण्ड,Új-Zéland,Selandia Baru,Nuova Zelanda,ニュージーランド,뉴질랜드,Nieuw-Zeeland,Nowa Zelandia,Nova Zelândia,Новая Зеландия,Nya Zeeland,Yeni Zelanda,New Zealand,新西兰,New Zealand,None,Other,104.82899,29.143541,-41.83,171.475,251
